﻿ResponseId;vig;condition;effect;explanation;code_effect;comment;coder
R_2BniKNj8owpK2i6;fuel;numeric;decrease by less;I think, even in the grand scheme of things, supply and demand would dictate that price would drop just enough so that people who are financially constrained at, say. $2.50/gallon, would be able to buy the 100 gallons less I‚Äôm using if gas were $2.48, leading to a non linear effect;dampening;;CA
R_Aty31gHmTuIJnMJ;fuel;production;decrease by less;If I am using less, than less needs to be made. If a great number of people also did the same, than less is needed and less is made.;other;;CA
R_1N9Ul0oclcbEhj8;fuel;beliefs_incentives;decrease one-to-one;since i've definitely using 200 galloons less it would decrease the global consumption by the same amount;naive;;CA
R_ezK455dPp5rarvj;fuel;numeric;decrease one-to-one;It takes more then one person to change the consumption of the world. Other countries do not have many non-fuel alternatives yet for transportation, and would need these options to decrease their levels.;naive;;CA
R_3MfidlL6042LfKi;fuel;production;no effect;200 gallons isn't really very much. They'd still produce the same amount knowing someone else would eventually use the fuel.;tiny;;CA
R_21mMmkWnZJqlYD8;fuel;numeric;decrease one-to-one;I think everyone who uses fuel contributes to the global amount consumed, so if I reduce my fuel use the total overall global comsuption will go down by that amount.;naive;;CA
R_2c5Fk0KkcZ2q8xD;fuel;production;no effect;"My contribution would not make a difference as it's only 200 gallons. It would be produced and readily available for anyone else regardless.

In order for it to make a greater impact, bigger players would have to change their fuel consumption. 200 gallons isn't going to make a difference.";tiny;;CA
R_2s1DPkfQr8vBM5R;fuel;beliefs_incentives;decrease by less;Someone would find a way to spend the fuel I saved.;dampening;;CA
R_3ptLwgjoS0LabwQ;fuel;production;decrease one-to-one;There would be 200 less gallons used by me so there would be 200 less gallons used in global production for the year.;naive;;CA
R_3Rly5xBdmwxaNj0;fuel;production;no effect;I'm just one guy;other;;CA
R_1eJEWUzodL0RajV;fuel;numeric;no effect;Me not using fuel just means it's cheaper for other interests.;dampening;;CA
R_3VspPFpDax6dZrH;fuel;beliefs_incentives;decrease one-to-one;If I decrease my consumption by 200 gallons then 200 gallons would decrease as a whole. There is no other way to explain this. It's common sense.;naive;;CA
R_28ZLhjMjPLfiR3Q;fuel;production;decrease by less;I think the gallons are well produced by the way of the global production level and way of working the fuel consumption;other;;CA
R_1ob9aBJjiDTRKNk;fuel;numeric;decrease one-to-one;I chose this response because it's half of 400.;naive;;CA
R_3OrHxHTDQNJIqB9;fuel;beliefs_incentives;decrease one-to-one;Just because I am reducing my fuel usage, it doesn't mean others are going to do the same, so the global comsumption would only go down by 200 gallons;naive;;CA
R_CaAZoDG6HZ3gUbD;fuel;beliefs_incentives;decrease by less;I think that even if i decrease by 200 gallons, there has to be a way for me to continue getting to places. Like - did I reduce my consumption based on me traveling less, or using public transportation? because the gallons would somewhat transfer to the bus needs.;other;;CA
R_1C86OyZOwRr4NCC;fuel;numeric;no effect;It is my belief that new drivers are being introduced the road daily, and some use a lot of fuel for whatever reason. As such, my reduction in fuel consumption wouldn't result in an overall reduction in fuel usage.;other;;CA
R_3qWoDmOmtebCNmM;fuel;production;no effect;The fuel companies would continue to put out the same amount since I am only a single person out of over a billion who drives a vehicle. 200 gallons is less than a drop in the bucket on that type of scale. Also, electrical plants use millions of gallons of fuel daily.  So I have no reason to even remotely believe that my mere 200 gallons per year will make even a tiny scratch in projected production.;tiny;;CA
R_3fjj1kD3BuAOtu9;fuel;numeric;decrease one-to-one;All I know is that it went down by the 200 I didn't use. Can't account for anyone else's consumption;naive;;CA
R_1jrns8K25vqSUsT;fuel;numeric;no effect;I don't think my individual choice would have any impact on yearly consumption. It would take a collective effort to mitigate the negative effects of fuel consumption on the planet.;other;;CA
R_1OjdZjdDzmxIWW3;fuel;production;no effect;I don't believe using 200 gallons less would have any real effect on how much fuel is produced globally. If I don't buy it somebody else will.;dampening;;CA
R_1N9xfWUM4PBYNXp;fuel;production;no effect;Two hundred gallons of fuel in the scheme of the global production of fuel is infinitesimal.  It would not even be a rounding error in a thousandth of a percent.  Also, fuel production has to make assumptions, so at least initially, the companies would not be assuming any buyer would cut his or its fuel consumption by 50 percent.  Frankly, it's in this scheme that makes me as an individual not particularly motivated that any action by me can have any meaningful positive effect on making the world greener.;tiny;;CA
R_2D2eCdBp6ps9X7w;fuel;beliefs_incentives;decrease by more;More than me would be saving, so mare than 200 gallons.;other;;CA
R_3HAmawON0Lwso0U;fuel;production;no effect;Yearly production of fuel is measured in millions (if not billions) of gallons.  Reducing my consumption from 200 gallons would not be noticeable in the grand scheme.  It would only make a difference if a large number of people also did the same thing.;tiny;;CA
R_1jU5JNJz2zZ63PK;fuel;beliefs_incentives;decrease one-to-one;Too small to actually be noticeable on the macro level;naive;;CA
R_1JIq8AU6e7snidO;fuel;numeric;decrease one-to-one;My decision would not change other's decisions. 200 gallons is not enough to move the price to change the economics of transportation costs.;naive;;CA
R_3JlQVFNM0p64zYs;fuel;numeric;decrease one-to-one;If I am reducing my yearly fuel consumption by 200 gallons, then this would mean the yearly total global consumption of fuel would also decrease by 200?;naive;;CA
R_3CHIKAV885vHkZp;fuel;production;no effect;Fuel isn't produced on demand. It is drilled and refined in advance then moved to where it needs to be. If I don't use the fuel, it'll be used by someone else. At worst, it's wasted, but that doesn't mean it wasn't produced at all.;tiny;;CA
R_2aaF4hDoHqgwyYa;fuel;beliefs_incentives;decrease one-to-one;In scenario 2, I consume 200 every year, so reducing consumption by 200 means no consumption at all;naive;;CA
R_vk3XXwBpNMRWAjn;fuel;beliefs_incentives;decrease one-to-one;while my individual contribution may seem small, collective efforts on a global scale could lead to a meaningful reduction in total fuel consumption.;naive;;CA
R_sAUaidjeelyeZRD;fuel;numeric;decrease by less;try to save;other;;CA
R_12AwiO76DlVWl4Z;fuel;beliefs_incentives;decrease by less;There are things others would do to increase that would make it less than a 200 gallon decrease;dampening;;CA
R_3Ra6nvq31LhpvES;fuel;beliefs_incentives;decrease by less;Mine may have decreased, but it may increase somewhere else;other;no channel given for dampening;CA
R_1qdOXnOfgf7DMPZ;fuel;numeric;decrease one-to-one;I am using less fuel therefore the global consumption is reduced by what I am not using;naive;;CA
R_1hMQZR9kETFDTgs;fuel;production;no effect;I think it would take a lot more than 1 family to reduce their yearly fuel consumption in more than 1 country to slow the total global production of fuel even a tiny fraction.;tiny;;CA
R_3RpwjlSiJOaeBj3;fuel;beliefs_incentives;decrease by more;It would decrease the yearly global consumption of fuel by more than 200 gallons because I would not be using the fuel, but in addition the company i bought the fuel from would not have to transport the fuel there. Also, it might influence others around me to use less fuel.;spillover;;CA
R_2QK9SgQNUucXvGF;fuel;production;decrease one-to-one;If I'm reducing my yearly fuel consumption then I'm reducing the overall yearly consumption by 200;naive;;CA
R_3qX6JWm3cDdDi4a;fuel;numeric;decrease one-to-one;I'd have no impact on what others consume;naive;;CA
R_WopqJ0ZGyRrMDwl;fuel;beliefs_incentives;decrease by less;While some of the consumption will be decreases I feel like there is always some fuel consumption that is not always accounted for;other;;CA
R_1rP9Esp0LV4ncHi;fuel;numeric;decrease one-to-one;There isn't a shortage of fuel so if I reduce my use by 200, no one else will take it.;naive;;CA
R_1MK8XsuvDUkGCI1;fuel;numeric;decrease one-to-one;My usage will affect the yearly consumption;other;;CA
R_1LTm8fJZF3KwJVX;fuel;production;decrease one-to-one;This reduction, when multiplied by the collective efforts of individuals and organizations, can contribute to a significant decrease in the total global consumption of fuel.;naive;;CA
R_3qUQNAYcJvbTJv4;fuel;beliefs_incentives;no effect;I don't think it would affect it because someone else could be using more fuel that year, there are too many other factors to consider to be sure.;dampening;;CA
R_2sakpoRIg3JCLHs;fuel;beliefs_incentives;no effect;By reducing my yearly consumption to 200 gallons I don't think that it would drastically reduce the global consumption of fuel. I would have to commit to not driving fuel cars at all.;other;;CA
R_DldoUQ8UfIx4ikN;fuel;beliefs_incentives;decrease one-to-one;Assuming my action does not effect anyone else's actions, then my reduction of 200 gallons per year is the only thing that is actually changed. Without knowing any other potential actions by others, I think you have to assume that only my 200 gallons is reduced.;naive;;CA
R_2V8yGQSaNVPrrlR;fuel;beliefs_incentives;decrease one-to-one;I have no idea, but you said I need to answer for about two minutes, because it's very valuable. I mean, do the math, man!;naive;;CA
R_wKO9P8YkNFcfuHT;fuel;production;no effect;What I consume doesn't matter to the whole.;other;;CA
R_3JLCGqMTCWjJBtK;fuel;production;decrease one-to-one;Because it would reduce consumption by 200 gallons yearly;naive;;CA
R_29j4ipIKihuh95c;fuel;numeric;decrease by more;Spending less time driving would mean less activities outside the home, but most of these activities do not consume much gas. The most I guess would be eating at restaurants or going through drive thrus, but neither use much gas at all, so in reality I doubt it would add to much.;other;;CA
R_2qygziVcYJ7YodJ;fuel;beliefs_incentives;no effect;It‚Äôs not a lot in the big picture, so I really don‚Äôt think it would make much of a difference;tiny;;CA
R_1H2khskoaNOG77F;fuel;beliefs_incentives;decrease one-to-one;I would assume if I use 200 gallons less it would directly lower the yearly global consumption by the same amount I cut back on.;naive;;CA
R_6YiWHGJbEDExDQR;fuel;production;no effect;200 gallons is minute compared to the total annual global use. It would not make a dent.;tiny;;CA
R_56Y0ymOYNkW9hh7;fuel;production;no effect;That‚Äôs such a low amount that it would have no impact and there‚Äôs most likely a fixed amount of fuel produced every year.;tiny;;CA
R_116XP25Lfa7LRCT;fuel;numeric;decrease one-to-one;I think this question is really confusing. I figure that if I reduce my consumption by 200 gallons, that would be deducted from the overall global consumption.;naive;;CA
R_tYeEpxGtbwXYOaZ;fuel;numeric;decrease by more;Less fuel would need to be transported to where I purchase fuel from, therefore saving on transportation costs for the company from which I purchase the fuel.;spillover;;CA
R_2Spq15uPFmGmHqS;fuel;numeric;decrease one-to-one;I would do anything I could to reduce gas use. I would purchase electric cars and strongly support look for ride sharing opportuntiies.;other;;CA
R_271dbqxjHLsJcE2;fuel;numeric;decrease one-to-one;If I change my fuel consumption I don't believe I can influence others to change theirs. The only reduction would be mine.;naive;;CA
R_1Cg40nLGuX1x5vm;fuel;beliefs_incentives;decrease one-to-one;reducing my own consumption by 200 gallons will save 200 gallons in total.;naive;;CA
R_1mJXs3Es4UahZf5;fuel;numeric;decrease one-to-one;Because I am actively reducing my own consumption so the overall number should be a little less;naive;;CA
R_27lqQuenVdkeU9o;fuel;production;no effect;I am a tiny fragment of the economy when it comes to fuel consumption. It would make no real impact if it were just me.;tiny;;CA
R_3nkGFxOsd2hbxSp;fuel;production;decrease one-to-one;Because I would be subtracting another 200 gallons each year.;naive;;CA
R_3kuga9bFF5S6EP6;fuel;numeric;decrease one-to-one;It would fall by the amount I used.;naive;;CA
R_2TFQkg4M2QYhkrl;fuel;production;no effect;I don't think a single person's fuel consumption decrease would affect the yearly global production of fuel. I don't even think it would be that noticeable.;tiny;;CA
R_2S62Ns5ZYHTXjFb;fuel;beliefs_incentives;no effect;Globally I don't believe it can have a major affect by one individual cutting. fuel. There are many individuals, communities and even nations that don't consume as much fuel and the impact is still horrific.;tiny;;CA
R_32WOfDbVVJQDaL9;fuel;production;no effect;One person cant have an impact on global production.;tiny;;CA
R_3NCkLGSUVEwWSaN;fuel;production;decrease by less;I think the global production of fuel activity and the consumption by way of 200 gallons;naive;;CA
R_3OlAxG0KwRXA13C;fuel;beliefs_incentives;decrease one-to-one;I don't see any real possibility of an additional decrease;other;;CA
R_3qlDECg97lXUanD;fuel;beliefs_incentives;decrease one-to-one;It would be 200 less gallons of fuel even at the global level. So, this is why I chose this response.;naive;;CA
R_11baNEC8ht17RVt;fuel;production;no effect;I don't believe 200 gallons of fuel would make a difference in the world-wide production of fuel for a year,;tiny;;CA
R_55W7eMqRi9WrPcB;fuel;production;no effect;I think they would still keep producing the same amount.;tiny;;CA
R_1jP52fHiwSGHetL;fuel;numeric;decrease one-to-one;I feel the global yearly consumption would fall at least by the 200 gallons that I have reduced. But the total global consumption could fall by more because there are more and more people who are opting to buy and use electric vehicles nowadays.;naive;;CA
R_2YfGGqrbZfOscxa;fuel;beliefs_incentives;decrease one-to-one;"my response is simple; if i reduce 200 gallon of my consumption definitely there will be a 200 gallon decrease from the total amount of consumption in the world statistic of fuel usage";naive;;CA
R_2VIsQ3p0cOTA2Gt;fuel;numeric;decrease one-to-one;I chose this response because I would hope that it would help contribute to an overall decrease consumption of fuel. Hopefully, there would be 200 gallons less since I am not consuming it.;naive;;CA
R_3L6AKxTCnPCEbCS;fuel;numeric;decrease one-to-one;It makes sense mathmatically;naive;;CA
R_1FlUC3S8PKg3APa;fuel;beliefs_incentives;decrease by more;If I reduce it, then so will others. Even if they didn't reduce by exactly 200, it will be a significant reduction if a lot of people or countries decide to reduce their consumption of fuel overall.;other;;CA
R_2WGWQqM03w97Yh1;fuel;beliefs_incentives;no effect;I assume that the 200 gallons I don't use would be used elsewhere.;dampening;;CA
R_2yjSzOgZkCth41I;fuel;beliefs_incentives;no effect;it would make absolutely no difference to the rest of the world if I did that;other;;CA
R_2VqeAdhozCXbE4C;fuel;production;no effect;I find hard to imagine how a single data point can affect the whole sample effect, maybe I could be an outlier and the rest of the world still consume lots of fuel? Or am I the median? I think my choice wouldn't make a difference at all, unless more people imitate my usage;tiny;;CA
R_3jYUyhDYepm7Kxi;fuel;beliefs_incentives;decrease by more;i truly believe that t will decrease the yearly global consumption of fuel by 200 gallons;other;;CA
R_VRzbU0wKJD1ISaJ;fuel;production;no effect;Reducing 200 gallons myself isn't much compared to the global supply. I also can't say what other factors would affect fuel production and use just from the information here.;tiny;;CA
R_274pFdHGo4W7L1b;fuel;beliefs_incentives;no effect;My fuel usage is nothing compared to the overall usage in the whole world.;tiny;;CA
R_0NajAgnMm0SGXBf;fuel;beliefs_incentives;decrease by more;if I'm on the road less that means there's less traffic overall which will reduce fuel consumption beyond just my own reduction;spillover;;CA
R_Y6pCmVP2yoSR6db;fuel;production;no effect;A single individuals fuel consumption will have a statistically insignificant effect on fuel production.;tiny;;CA
R_2qqqZ1bYKTBbCNF;fuel;beliefs_incentives;decrease one-to-one;There would at least be 200 gallons less used by me. While total global consumption may go up overall but I know there is at least 200 gallons less than there would have been had no effort been made.;naive;;CA
R_3gLxfPKqgJos5up;fuel;beliefs_incentives;decrease by less;Although I might decrease my yearly fuel consumption that doesn't mean that the yearly global consumption would decrease by the same amount because someone else could be increasing their yearly consumption at the same time I'm decreasing.;dampening;;CA
R_1IhjnufKuNW7xOh;fuel;production;no effect;My single decision would have no impact on such a largely used and needed product.;other;;CA
R_1Qz4ZkLVwb0ZAP5;fuel;numeric;no effect;The less fuel I buy, the lower the price of fuel, the more others will be inclined to buy given the lower price.;dampening;;CA
R_1F9z9BIKgz4cUv3;fuel;numeric;decrease one-to-one;Because I was evaluating the difference between what the consumption would have been if I used 400 gallons vs. what it would be if I only use 200 gallons.;naive;;CA
R_1FQvl3JSSbQi0AP;fuel;beliefs_incentives;decrease one-to-one;It seems like the logical answer, as it's simple math.;naive;;CA
R_12Slv9awBHQWFip;fuel;beliefs_incentives;decrease by more;I say more than 200 gallons because its my 200 gallons plus the amount of fuel that goes into the production of services that i would access on my way to wherever it is that i would normally go to with those 200 gallons (buying chips at a gas station, coffee at a coffee shop etc.;other;;CA
R_R49Qt2uH68SIXrb;fuel;production;no effect;I think the oil production decisions are made based on wider factors than yearly demand. There are longer-term and political factors in play that would mean my reduced demand had no impact.;tiny;;CA
R_2qkKkHYIZAsI1eP;fuel;production;no effect;it will not affect because, my decision to reduce what I buy is a personal one and does not affect other people.;tiny;;CA
R_3Lhd47WgQl66YYD;fuel;production;no effect;THE AMOUNT OF FUEL THAT IS PRODUCED EACH YEAR IS BASED ON OIL PRODUCTION AND REFINERY PRODUCINT OIL TO GASOLINE AND OTHE PRODUCTS. I BELIEVE EACH REFINERY PRODUCES AN AMOUNT OF FUEL AND THE FACT I USE LESS MAY IMPACT THE PRICE BUT NOT THE TOTAL AMOUNT. THE REFINERY WILL SELL ALL THEIR PRODUCT NO MATTER WHAT I BUY OR USE.;tiny;;CA
R_1hLnY64cZ0DPaEm;fuel;beliefs_incentives;decrease one-to-one;If your yearly fuel consumption is part of the total global consumption of fuel then reducing it by 200 gallons per year means that you would subtract 200 gallons from the total global consumption of fuel.;naive;;CA
R_3rPnLGM5l6zZrzX;fuel;numeric;no effect;In fact, the fuel consumption will just keep increasing. As long as the population growth of the world is not suppressed, the usage of fuel can't be suppressed, especially in developing countries.;other;;CA
R_UQEIieLcE9RguOZ;fuel;beliefs_incentives;decrease one-to-one;If my original use is 400 gallons and I took my yearly consumption down by 200 gallons. I would be using only 200 gallons per year.;naive;;CA
R_27TgVy0iO8md5e5;fuel;production;decrease by less;I think it would decrease the yearly production by less than 200 gallons because there is always more new drivers hitting the road which means that my reducing only helps out a little bit.;other;;CA
R_1hY0c6Jy6AsIf9a;fuel;beliefs_incentives;decrease by less;Decreasing my fuel use would make a slight impact on the yearly global consumption of fuel but someone else would probably increase their use the same year;dampening;;CA
R_AHdWhSBYPqLqoHn;fuel;beliefs_incentives;decrease one-to-one;It clearly states above that I would decrease my consumption of fuel by exactly 200 gallons and does not mention more or less than that amount.;naive;;CA
R_3iOr9AfCnZnTPan;fuel;production;no effect;Because a single person's fuel consumption is so miniscule compared to the global production. It would have no impact on it at all.;tiny;;CA
R_3NJ4cP3nVilIgTB;fuel;production;decrease one-to-one;Since my consumption of fuel contributes to the total global production of fuel, when I permanently reduce my fuel consumption, I would expect that my action will decrease the yearly global production of fuel as well.;naive;;CA
R_3EAUrD7aAiEGMA1;fuel;beliefs_incentives;decrease one-to-one;I am reducing my consumption to 200 gallon. I am not increasing or decreasing even further.;naive;;CA
R_1plCRPAOWq9DCs5;fuel;production;decrease one-to-one;global production only produces the amount of fuel demanded by the market. If I consume 200 less gallons then production will drop by 200. If this didn't happen then the excess production would need to be stored somewhere as excess fuel.;naive;;CA
R_3NNTSX8YTC9RegT;fuel;production;no effect;It's such a small amount that it's going to be produced regardless. It will just be kept in reserve rather than being sold.;tiny;;CA
R_1kLa1B3Ki4OXBwf;fuel;production;no effect;One individuals reduction in use will most likely not affect global production at all;tiny;;CA
R_22tw6Pevrz1e1lW;fuel;numeric;decrease one-to-one;Every year, you use 400 gallons so if you reduce your gallons to 200 that means you have reduced the global consumption of fuel by 200 gallons.;naive;;CA
R_bPgcK7cEY9HjjtT;fuel;numeric;no effect;I don't think that by me reducing my fuel consumption that the total global consumption will fall because it is such a small amount  compared to the global consumption, and i think that large companies and the elite will just eat up the excess.;tiny;;CA
R_296NhcqJUj5eR9B;fuel;production;no effect;The yearly production of fuel is not affected by miniscule changes in consumer habits. Markets will already have their pre-set quotas for units of fuel.;tiny;;CA
R_1IZ3XrCasjNIB4x;fuel;numeric;decrease one-to-one;I would think my offset would be direct, 1:1;naive;;CA
R_2119YHueYdHr7v6;fuel;beliefs_incentives;decrease one-to-one;My consumption will definitely reduce the number of gallons of fuel consumed by 200;naive;;CA
R_2pYy4y8a2MMYNHD;fuel;numeric;decrease by less;there are other people using the gas i didnt.  other people would have to run someof the errands that i needed to, but didnt.;dampening;;CA
R_2AKBnFAGr0BZEck;fuel;beliefs_incentives;decrease one-to-one;I believe that every single person can make a difference.;naive;;CA
R_1N8qjiPJ7nzNxcC;fuel;production;no effect;The amount produced is not decided based on one person.;tiny;;CA
R_3p2PcZPJgBwmQPE;fuel;production;no effect;200 gallons is just a drop of the actual amount that is produced / consumed. If I reduce my consumption, it would hardly make any difference.;tiny;;CA
R_2PgIpaeZmNleDe4;fuel;beliefs_incentives;no effect;My personal use would decrease but that has no affect on the billions of other people on the planet.;tiny;;CA
R_29nUQQhIN79QcbC;fuel;numeric;decrease one-to-one;If you take away 200 from 400 then you are left with 200;naive;;CA
R_24AHyYk9g0Chs2k;fuel;numeric;decrease by more;It would be reduced by the amount I didn't use as well as the amount that would have been used to process and distribute my share.;spillover;;CA
R_NWt3f3WbaWlxahP;fuel;beliefs_incentives;decrease one-to-one;iT WOULD REDUCE THE CONSUPTION BY 200 GALLONS BECAUSE THAT HOW MUCH ME AS AN INDIVIDUAL AS REDUCED THE CONSUMPTION BY;naive;;CA
R_e5mktNBThlPzzEd;fuel;production;no effect;Over the years, cars have increased the mpg, but the overall world consumption of fuel has not decreased but has increased as there are more people driving cars.  I have purchased newer cars with better MPGs that have decreased my use of fuel, but I have 4 grown children and a wife.  And, they all have their own cars that have increased the consumption of fuel.;other;;CA
R_1cUhpYsXOKQq3Kt;fuel;numeric;decrease by less;i feel that some of the other consumption would make it so that my 200 gallons is a little polluted by any others who use more than me.;dampening;;CA
R_1OYP9GifJq3aMQA;fuel;beliefs_incentives;decrease one-to-one;It seems pretty straightforward and obvious that if I remove 200 gallons of consumption, that is the amount removed from the global consumption total.;naive;;CA
R_122QV7kzDaRZFHk;fuel;beliefs_incentives;decrease by more;SLIGHTLY more than 200 gallons is my guess, because that's 200 gallons less your local gas station has to order, and therefore get transported to the station, so that's less fuel the truck that brings the fuel to the station has to use, etc.;spillover;;CA
R_3GqPbuvhHUHhaBt;fuel;numeric;decrease one-to-one;"Every little bit counts and it would reduce it by 200 gallons unless my reduction causes others to use more. 
For example, if I have my friend pick me up rather than driving myself, my friend is using more gas than she would have.
If I order groceries delivered instead of picking them up, the driver is using gas instead of me, so my user goes down but the overall consumption might be the same or more.";naive;;CA
R_1H8mnbPiMRCnocN;fuel;production;decrease by less;I think that other people will still use this fuel.;dampening;;CA
R_1Cq1TYfo5c6mtex;fuel;beliefs_incentives;decrease by more;Reducing my own fuel consumption would most likely lead to trickle down effects of purchasing less which would decrease need for fuel down the chain for producing and transporting goods.;spillover;;CA
R_22JOYzEOLeXuKWL;fuel;beliefs_incentives;decrease by less;"I think if someone was to travel less and use less fuel in the process, fuel would be utilized in other ways to make up for this; for example, you may not drive to the grocery store, but you may order takeout and have groceries delivered. Or you may not go buy something in a store, but purchase it online and have it shipped to you instead. I think it would be a net reduction to reduce fuel consumption, but I don't think it would be as huge an effect.";other;;CA
R_xcqrOxjAamHvgUV;fuel;numeric;decrease one-to-one;I am assuming that this is a personal decision to reduce my fuel consumption by 200 gallons, and that the fuel consumption of other people and companies remains the same. Therefore, if I reduce my annual consumption by 200 gallons, the total global consumption would also decrease by 200 gallons.;naive;;CA
R_Cd9OQbniUi8Rzi1;fuel;production;decrease one-to-one;It only makes sense that if I used 200 gallons less than usual, it would decrease the global production.;naive;;CA
R_30fdtbLa6TFKsty;fuel;beliefs_incentives;no effect;Just one person reducing their use is not going to affect things on a global scale.;tiny;;CA
R_3nPdF4rqUqd6sXC;fuel;numeric;decrease one-to-one;Because I am using less fuel than other people.;naive;;CA
R_273YmalI0RQJTbu;fuel;beliefs_incentives;decrease by more;Not only would my using 200 gallons less reduce the yearly global consumption, all costs associated with my obtaining the 200 gallons of gas would be eliminated, resulting in a negative 200+ in the global annual fuel consumption.;spillover;;CA
R_2s6zzG4tzctE8ah;fuel;beliefs_incentives;decrease one-to-one;I would be consuming 200 less gallons a year, so that is what the consumption would be reduced by. This would be my reduction towards the global consumption.;naive;;CA
R_1dlQfKveF5Ev1EW;fuel;numeric;decrease one-to-one;I don't think that 200 gallons would have much of an impact. A private jet can consume that much fuel in just a hour.;naive;;CA
R_3JJXu6eFagRjNJM;fuel;beliefs_incentives;no effect;I just chose an answer because I don't really understand what it is I'm supposed to be answering or figuring out.;misunderstanding;;CA
R_3NWn4PLAJ5YmVKA;fuel;production;decrease one-to-one;I think that other people would follow my lead. So, they would also reduce their yearly fuel consumption by 200 gallons. Therefore, there would be a decrease in the yearly global production of fuel by 200 gallons.;other;;CA
R_1n12Ewav9qRjJhc;fuel;numeric;decrease by more;I don't really understand the details of the machines I use that use fuel. But I am guessing that the processes that get fuel for the machines that I use that use fuel also use fuel. I just made up a 6x multiplier as a guess because I have no real numbers to go on.;spillover;;CA
R_3RwK5D0w3lfsWOR;fuel;numeric;decrease by more;everyone is using fuel because in the future we are not going to have fuel anymore. Electric cars are not affordable;other;;CA
R_2v7A1YgiU18AvVx;fuel;production;decrease by less; I think it would have a very minimal effect on the global production. It would be so small that it probably wouldn't even make a move on the actual numbers. But it would be a start in the right direction.;tiny;;CA
R_2CBsPlDoDazVsGD;fuel;numeric;decrease one-to-one;I can't control how much fuel other people would purchase, but I know that I personally am purchasing 200 gallons less than I typically would. This implies that the total amount of global consumption is at least less by 200 gallons. There are many factors at play though, such as other people might increase their consumption. However, still, the consumption is still lower given that I am not buying as much as I normally would have.;naive;;CA
R_2R49PeeKPcf5fln;fuel;production;no effect;There is so much fuel processed that this wouldn't even be a drop in the bucket. It could be a little helpful to the environment, but it won't make a multinational oil company seek out less oil.;tiny;;CA
R_3xaq5C70zoYij17;fuel;beliefs_incentives;decrease by less;I would be able to replace many of my trips by walking, because of where I live, but I would still need to rely on other people's fuel consumption for longer trips, such as to the airport, or taking a car across town. For a small percentage of my commuting needs, I would simply be shifting the burden of fuel consumption to another party. Thus, the amount of gas I save would be less than 200 gallons.;other;;CA
R_1H1RyJbrB3CgkSE;fuel;production;decrease one-to-one;I think my decision to reduce my fuel consumption will have no impact on the choices of others and as such, their decisions remains the same and so does their consumption. Meanwhile mine decreases by 200 gallons per year causing only that change in fuel consumption globally;naive;;CA
R_D8Ypr02YdV80L4J;fuel;numeric;decrease one-to-one;My consumption of fuel does not really impact anyone other than me. If I reduce my fuel consumption by 200 gallons, then the overall fuel consumption will be reduced by 200 gallons. That is the only thing I can be sure of in this scenario.;naive;;CA
R_2PnDQtRKd1frYAt;fuel;production;no effect;I think that my very insignificant decrease in fuel in relation to the rest of the world would not stop companies from producing the same amount or even more fuel every year.;tiny;;CA
R_2w0luEswanvLYB8;fuel;production;no effect;"The numbers of gallons of fuel used per year are measured in the billions of barrels.

One person using 200 gallons of fuel less per year is completely irrelevant and would have no change in the global production of gasoline.

Most gas stations will see more than that drip on to the ground by accident in a week.";tiny;Seems like junk;CA
R_tZ20CjRNElYwrD3;fuel;numeric;decrease by less;I chose such a low number, because although I'd pre reducing my consumption, there is someone out there who is increasing there's even by 10 gallons. That all adds up an could account for 200 gallons I decreased in.;dampening;;CA
R_26eC6X6Nd3m97LN;fuel;beliefs_incentives;no effect;The 200 gallons I shaved off of my consumption are good, sure, however that is less than an atom of what needs to be decreased. If EVERY person with a car did this it would have something of an impact. 1 person does not have the sway to change global fuel consumption.;tiny;;CA
R_2pYKvSKyHf6h5p2;fuel;numeric;decrease one-to-one;Fuel consumption does not have a substantial impact on the climate. I said 200 gallons because that is how much I reduced my consumption by.;naive;;CA
R_12gmhdZKhjCdgt0;fuel;numeric;decrease one-to-one; it is important to remember that many small actions can add up to a large impact. If everyone who drives a car were to reduce their fuel consumption by just 200 gallons per year, it would make a significant difference to the total global consumption of fuel;naive;;CA
R_2D190FRf68xNYkF;fuel;numeric;decrease by less;Because i do not really buy a a lot of fuel in a year i mostly do not drive;other;;CA
R_QoTWXewLmueZaSd;fuel;production;no effect;I think fuel consumption goes up and down, so I figured it was safer to just stick with the option that was closes to staying the same.;other;;CA
R_SQdk1AOtvW9iJ7r;fuel;production;no effect;Just because we consume less, doesn't mean they will produce less.;tiny;;CA
R_2YhKGUVhMnHMbRz;fuel;beliefs_incentives;no effect;The amount I reduce will merely be available for others to add to their consumption.;dampening;;CA
R_wNxX1bPxor2R2AF;fuel;production;decrease by less;I think they produce according to demand, to keep prices up, if demand goes down, they pump less.;other;;CA
R_OwHJ9vLvyxUwe3L;fuel;numeric;decrease one-to-one;That is my first order, direct effect. Second order and indirect effects probably net to zero.;naive;;CA
R_2YMr44hNTN38CeQ;fuel;beliefs_incentives;decrease one-to-one;If I reduce my usage by 200 gallons them I'm taking away exactly what I reduce from the total.;naive;;CA
R_22Yx82XcGJhB32h;fuel;beliefs_incentives;no effect;It's a negligible amount and there are too many other variables. Individual actions make no difference.;tiny;;CA
R_2WwlmoKtPQlsLep;fuel;beliefs_incentives;no effect;It is such a small amount I am consuming that it wouldn't make a difference.;tiny;;CA
R_p5lRUsCecNCmBP3;fuel;production;decrease by less;By using less fuel even though I am just one person, it will still decrease by the 200 that I am not using. Now if more and more people did this it would of course decrease even more but it starts with one person. Even though I am one, if I use less I am still decreasing. The more and more people that do this the better and more it will decrease.;tiny;;CA
R_3pu03JU6wUaarFO;fuel;numeric;decrease one-to-one;Although this may not be an accurate number due to other factors such as people increasing their consumption of fuel, making the yearly total more, I chose this number because it makes the most sense.;naive;;CA
R_yPFtidHjVUYrzKF;fuel;production;decrease one-to-one;If I reduce my fuel usage, this would have an effect to the global production. If people use less fuel, then less in demand.;naive;;CA
R_rrV7eaLHBy6tpK1;fuel;production;no effect;My reduction of 200 gallons of fuel would need to be duplicated by many consumers.;tiny;;CA
R_9Zxtm3XNmjd9B3b;fuel;beliefs_incentives;decrease one-to-one;It clearly states that consumption would decrease by 200 gallons.;naive;;CA
R_3dMm4WvXhrLS6gQ;fuel;numeric;decrease one-to-one;Because I am reducing my total consumption by 200 gallons. That doesn't mean others are using more fuel/;naive;;CA
R_1C7NALVSv496Fas;fuel;production;no effect;One person does not make that much difference.  Now if you can get everyone to just go back to caves and such the people that push this will be happy.   Of course no one else will be but who cares right ?;tiny;;CA
R_2vYb1EmiM8pXPVv;fuel;numeric;decrease one-to-one;I chose this response because I can only directly control my own fuel consumption, so the global consumption would fall by 200 gallons because of my choice. For the global consumption to fall more would require other people to also commit to reducing their own fuel consumption.;naive;;CA
R_1mRcOdzQ8QOL2ni;fuel;numeric;no effect;Honestly, it would be a decrease on my end, however, emerging countries continue to consume more.  How about all of the climate grifters that spend their days flying private in order to lecture us, simply cut back.  It's almost as if it has very little to do with climate.;tiny;;CA
R_2QRoaK0A2HpXXV8;fuel;production;decrease one-to-one;i chose the response because I believe that If I simply decrease my fuel usage by 200g gallons, that is literally the only difference it would make. my 200 less gallons wouldn't have any kind of real affect. I'm one person and there's millions and billions of people using more than I'm saving anyway.;naive;;CA
R_27rgM1XSk2LQfGi;fuel;numeric;decrease one-to-one;I choose 200 gallons because my reduction is the only impact I can have on the yearly global consumption.  I can't reduce it more unless I reduce my personal consumption more.;naive;;CA
R_viskwelYy1X89Dr;fuel;beliefs_incentives;decrease by less;I believe that my lost consumption would be picked up by some other service or capability I'm using in lieu of gas myself.;dampening;;CA
R_2dT7YcNziw3O5NW;fuel;numeric;decrease one-to-one;By me not consuming those 200 gallons, the yearly amount would go down 200 gallons.;naive;;CA
R_1hRc6JBlJNqiClj;fuel;numeric;decrease one-to-one;It is a linear calculation. If I reduce it by 200 gallons it would be 200 gallons.;naive;;CA
R_1imo9Tx4wjecXLA;fuel;numeric;decrease by more;there would be a slightly lower need to transport fuel to the gas stations i use;spillover;;CA
R_2Bo3vuiIeKYiQIq;fuel;numeric;no effect;I am not sure how accurately the company that measures fuel consumption is with their measurement, and when you are dealing with billions of gallons a year, 200 gallons is a rounding error. I do not think that the 200 gallons I am NOT using will even be measured or show up in any statistics anywhere.;tiny;;CA
R_1QubSROAqRlpp4o;fuel;numeric;decrease one-to-one;If I was using 200 gallons less, then my fuel consumption would reduce by 200 gallons.;naive;;CA
R_1HkmJlPb91H3ZyO;fuel;production;no effect;It wouldn't make a difference in the making of fuel for consumers, there is always a need of fuel and some other person would just take it instead.;dampening;;CA
R_0BO0bBuBx9LlxFD;fuel;beliefs_incentives;decrease one-to-one;Because you are using 200 gallons less, than you did in the previous year.;naive;;CA
R_2tKAqqx3D9Bk2Iz;fuel;production;no effect;"Demand for fuel generally fluctuates by much more than 200 gallons day to day, and as petroleum is generally fungible, my reduction of 200 gallons over the course of a year would not affect global production at all; I imagine that's less than is lost in rounding errors when filling a single container on a tanker ship.";tiny;;CA
R_3P6PZVyMEnbJdDO;fuel;production;actually increase;reducing yearly fuel consumption by 200 gallons consumption of fuel contributes to the total global production of fuel.;other;;CA
R_2QKWmFcOEvpJxS5;fuel;numeric;no effect;While I believe reducing my personal consumption is an important first step, I do not think it will have a measurable impact on overall global consumption.;tiny;;CA
R_2CKhDfnfpvSLQfe;fuel;numeric;decrease one-to-one;It's kind of logical in terms of numbers, but it could be even more than just 200 gallons since you are consuming half of what you would normally do. I personally reduced my household of two to only 1 car to reduce the amount of fuel that we use daily and I think that's important.;naive;;CA
R_3Ooebx2fo5ab6NW;fuel;beliefs_incentives;decrease one-to-one;it would decrease the fuel consumption by 200 gallons as i would reduce my fuel consumption by that amount;naive;;CA
R_2zGt7P3xjLrywAg;fuel;beliefs_incentives;decrease by more;There would be a direct reduction of 200  gallons as well as a small additional reduction due to the fuel it takes in all activities that are associated with both producing the fuel I would not be using as well as the transporting and dispensing of said fuel.;spillover;;CA
R_3HCj0oO9eQsQ2Vc;fuel;numeric;decrease one-to-one;I think, but this was a tough one. I feel that every person contributes to the global consumption, so reducing mine by 200 would reduce the global consumption by 200. But, on the other hand, would that really have much of an effect in the long run?;naive;;CA
R_3P6ve1zYn9kpz2U;fuel;beliefs_incentives;decrease one-to-one;Global consumption of fuel is summative, so one's action does indeed impact the total. So, if I reduce my consumption, all things remaining equal (as in, if others maintain their consumption) then the total would decrease.;naive;;CA
R_cYCGUttZOfyVI1r;fuel;production;no effect;I don't think that one person reducing their consumption would change the production of fuel. There are always going to be people driving so I think production would stay the same.;tiny;;CA
R_1kSvHtyP0egIgR3;fuel;beliefs_incentives;no effect;It is not going to affect the yearly global consumption of fuel at all because i use the same amount of fuel;other;;CA
R_OfGcedHiZmyen85;fuel;numeric;decrease one-to-one;I think that it would be easy to achieve this;other;;CA
R_3p4HhIwPin4ARlC;fuel;numeric;decrease one-to-one;Because I am one person and my need is reduced by 200.  This does not ultimately take into consideration the increased use of others.;naive;;CA
R_3GcPVUYzAYpVSdL;fuel;beliefs_incentives;decrease one-to-one;Based on my understanding of what I read, if I am a part of the total global consumption of fuel and I reduce my fuel consumption by 200 gallons a year. Then the yearly total global consumption of fuel would be reduced by exactly 200 gallons (not more or less).;naive;;CA
R_sUtuPyYSdtHLBS1;fuel;beliefs_incentives;decrease one-to-one;I'll be considerate on my personal choices which will impact the reduction of fuel consumption;other;;CA
R_WkXvibioivAiSOZ;fuel;production;decrease one-to-one;I am only reducing my fuel production by 200 so it makes sense that it would be 200 gallons less.;naive;;CA
R_3JDBtwpi8matU8c;fuel;beliefs_incentives;decrease one-to-one;If fuel consumption is responsible for a significant portion of greenhouse gas emissions reducing this by 200 would decrease the yearly global consumption fuel by 200 gallons;naive;the belief is naive although they refer to greenhouse gases;CA
R_RKWPgX0AvIfaPjX;fuel;beliefs_incentives;decrease one-to-one;Because if i am using 200 less, than the global consumption would reduce by that same amount;naive;;CA
R_2wvOTIdNVqWRuLM;fuel;numeric;decrease by more;I'm not sure it's just a guess.;other;;CA
R_22WHYYe24TSEAPT;fuel;production;actually increase;Reducing my annual fuel consumption by 200 gallons might paradoxically boost global production, as decreased individual demand could incentivize fuel producers to optimize operations and compensate for lower prices.;other;;CA
R_2xFx4K4rLr08hwU;fuel;production;decrease by less;while you're doing a great job cutting down your own fuel usage, that doesn't necessarily mean the fuel you're not using disappears from production. It could be used by someone else instead. So, while you're definitely making a difference it might not reduce the total global production by the full 200 gallons.;dampening;;CA
R_3MMNxtc9oKZbLk8;fuel;beliefs_incentives;decrease one-to-one;It only seems logical that my decision would have a direct impact without any side effects.;naive;;CA
R_3hooXckODwsbtE4;fuel;production;no effect;Even if I reduce my global production of fuel it wouldn't make a significance impact since there always  people consuming more to make up for what I am reducing. There young adults moving out of their parents house, people getting married so anything I do wouldn't affect the yearly global production. It needs to me a global collective  initiative for it to be reduced.;other;;CA
R_2EtTmP4F2H1dlE4;fuel;numeric;decrease one-to-one;My fuel consumption is part of the total fuel consumption.;naive;;CA
R_AvMjxU0QsRaGkLv;fuel;beliefs_incentives;decrease one-to-one;Using basic math, it is abundantly clear that reducing my fuel usage by 200 gallons a year would also reduce the yearly global consumption, since my usage is also part of the global consumption.;naive;;CA
R_2y91ypx1IgoELUr;fuel;production;decrease one-to-one;They would have to decrease the fuel by 200 gallons because I am using that much less. If I am using exactly 200 gallons less I would expect they would make that much less. I guess they adjust the levels by what people are actually using and send it to the gas stations.;naive;;CA
R_29al5pPuC5q1HDd;fuel;numeric;decrease one-to-one;"Unless I'm misunderstanding, reducing consumption by 200 would be 200. 
Now, overall, if I reduced my consumption by that much it wouldn't change much for global fuel consumption. My use of it would be in the tens of thousands of a percent.";naive;;CA
R_2WTpX4wSH5lJEFt;fuel;numeric;decrease by less;"Is hard to make people ""sacrifice "" to reduce gas consumption . People are not willing to sacrifice . Specially people living in small communities were there is a lack of public transit or they are not willing to use it.
Like in my case there is no public transit at all in my community so we all have to use cars.
There is not an easy solution to make people reduce gas consumption .";other;;CA
R_1kYrYVCUhbih9SR;fuel;production;no effect;Because the countries that produce oil produce it at a consistant rate unless they have a massive surplus and then they only lower supplies to make more money.;tiny;;CA
R_1d1cRsVbEID7dxV;fuel;numeric;decrease one-to-one;My consumption would make a difference, but there will always be those who decide to consume more because others are conserving.;naive;;CA
R_3gUAYwrfb65QpFV;fuel;production;no effect;"First of all, I do not agree with the premise of the scenario - I'm not a climate cultist and do not believe that emissions - either mine nor anybody else's - poses an apocalyptic threat to ""climate."" If I were to magically turn into a woketard and reduce my fuel by 200 gallons, this minimal amount would not make any impact on emissions, consumption, or production. It would be balanced by an increased consumption in some other area. For example - increased public transportation (increased need for THAT fuel). Also, there's a production deficit, so they're going to produce as much as possible, and it will be claimed.";dampening;;CA
R_2qeZ0cHveb10BMh;fuel;production;no effect;That small amount would have no effect. I believe for a change, it would have to be a significant amount instead of tiny little streams.;tiny;;CA
R_2YrFilry8Rd3Q0S;fuel;beliefs_incentives;decrease one-to-one;Because mathematically it makes sense that if I use 200 less gallons that is how many gallons will be reduced globally.;naive;;CA
R_3soC2fqjoguYgln;fuel;beliefs_incentives;no effect;It would affect my consumption of fuel but not on a global rate;tiny;;CA
R_3Ofta3OSCAPxOsZ;fuel;production;decrease by less;The year production of fuel will be reduce by less than 200 gallons because my decision will only have little impact on the global market. The decision might not have noticeably impact on demand and supply.;tiny;;CA
R_BXKzh8IhvpCOqpr;fuel;numeric;decrease one-to-one;It would reduce the amont of fuel consumption assuming everyone else in the world does not change their consumption;naive;;CA
R_1rvTfrZ9c6wypu9;fuel;production;no effect;Consumption is not the same as production. They would still produce the same amount of fuel because my 200 gallons is negligible.;tiny;;CA
R_2bV73JZsV34QAVf;fuel;production;no effect;"In my mind fuel isn't something that is produced on a ""on demand"" basis, it is just always produced and is there for when it is needed.";tiny;;CA
R_SPEqFdSzfTNsFX3;fuel;production;no effect;A single individual lowering their consumption of fuel will not have an impact globally. Even if a much bigger drop in consumption would take place, the cost of fuel will probably drop in price but not in production.;tiny;;CA
R_2pLAFzdTAshqDcF;fuel;numeric;decrease by more;By deciding to reduce my individual consumption by 200 gallons, this would only result in global reduction of greater than 200 gallons since in there are effects related to reduction of miles traveled and car use. This includes wear on tires, need for engine oil, and related materials that go into use of a vehicle. Reduction of fuel use also would have a dramatic conscientious effect to change your routines that would compound on other efficiencies such as remote working, reduce consumption of disposable products, and greater thought on food choices. This may also result in a household transformation in order to achieve this dramatic reduction resulting in everyone making a greater effort to reduce fuel consumption.;spillover;;CA
R_T6JzPR8A5KR0l5D;fuel;beliefs_incentives;no effect;I don't believe that 200 gallons would make a difference in the yearly global consumption of fuel.;other;;CA
R_eOGvpiNry4igr85;fuel;numeric;decrease one-to-one;This is due to the amount of total global consumption being reduced by 200 gallons due to the reduction of the 200 gallons being used by yourself.;naive;;CA
R_sL43BMYwJE1ruaB;fuel;beliefs_incentives;decrease by less;Your decrease in fuel consumption would decrease fuel consumption but unless you also decrease your travel you will still use some fuel indirectly to get places so you will not reduce global fuel consumption by exactly 200 gallons;other;;CA
R_1k0JjavHyQfVMbB;fuel;production;no effect;In a global sense it wouldn't matter. It would matter if everyone reduced their gas usage.;tiny;;CA
R_4ZtmPb1p4qOfbqx;fuel;beliefs_incentives;decrease one-to-one;I have no idea how to accurately answer, so I went with decrease this answer because it's exactly that I stopped using in the scenario.;naive;;CA
R_22lwEnOtwaJRmAP;fuel;production;no effect;I don't feel that reducing my fuel consumption would impact the global fuel production very much, if at all. I feel this way because I am just one individual and a few hundred gallons of fuel probably won't make much of a difference to the millions of gallons of fuel produced annually on a global scale. It's large corporations and production factories/facilities that use the most fuel. I feel a change in consumption on this level would have more impact than I would as an individual.;tiny;;CA
R_2y9mjxG5Vy2T4xg;fuel;production;no effect;My lone decrease in consumption would not have any affect on the production of fuel and would be less than a blip on the radar. The global production is such a huge thing that 200 gallons would be an infintesimal amount and go unnoticed.;tiny;;CA
R_PHuhxPGWvrQ9E6l;fuel;beliefs_incentives;decrease one-to-one;Because I would be consuming less fuel (200 gallons), I would be reducing the overall consumption. 200 gallons seems like a drop in the bucket on the whole but it is still less 200 gallons.;naive;;CA
R_305Yu3kt6TS7KxV;fuel;numeric;no effect;My reduction would be a drop in the bucket.;tiny;;CA
R_6Liun7Gu8cxl721;fuel;numeric;no effect;I chose 0 gallons because for every gallon I personally save, there will always be someone using exponentially more fuel than me. Therefore, it would have to be an extreme global effort of people saving fuel for it to even make a dent in the global consumption. There's a chance my saving of 200 gallons would reduce it by a fraction of a percent, though that would be negligible.;dampening;;CA
R_2V9Mxr1GDIQ2ASz;fuel;production;no effect;From my actions and their impact alone, it's insignificant and would not be noticed.;tiny;;CA
R_2samXv7Rl7XSUtv;fuel;numeric;decrease one-to-one;It would fall at least 200 gallons because I have reduced mine by this much.;naive;;CA
R_2dg0m5zEFro2TNc;fuel;numeric;no effect;I don't think my reduction would have any impact at all on the global total unless everyone else was also reducing their consumption by half. It might make me feel good to know I am doing what I can to reduce global greenhouse emissions but on a large scale, it would make no difference.;tiny;;CA
R_3CU8FvtcqIAOSlS;fuel;beliefs_incentives;decrease one-to-one;I believe if i was using 400 yearly and reduced it to 200 it would automatically decreasing global consumptions of 200 gallons;naive;;CA
R_24x8YSLadp7vKsn;fuel;numeric;decrease one-to-one;I would guess that the global consumption would drop by 200 but I'm not 100% sure of this. The global consumption of fuel is variable and it's quite possible that reducing my own consumption would have no effect on global consumption at all If someone else or a group of people start using more fuel. It's also possible that the global consumption would fall by even more due to market conditions or other people using less fuel.;naive;;CA
R_1KuUHj9T9iOcJxI;fuel;production;no effect;I chose this response, because even if I did cut my fuel consumption, it would not have an effect on a global scale;other;;CA
R_ZsiHwKBPsDxMokp;fuel;beliefs_incentives;decrease one-to-one;I reduce my consumption, so that reduces the total for that year by how much I do not use.;naive;;CA
R_3QMfRJyYiTL61RT;fuel;beliefs_incentives;decrease one-to-one;If I were to reduce my fuel consumption by 200 gallons then it would decrease the yearly global consumption by 200 gallons. I chose this option because it's simple math/science. Each person in the world contributes to the use of fossil fuels and by limiting the amount that each person uses it effects the total use of the worlds consumption.;naive;;CA
R_RwyitRqnItdgTmx;fuel;beliefs_incentives;decrease by less;To compensate for my lowered fuel usage I may end up occasionally car-pooling, or using a ride-share service, or public transportation.  So the overall decrease would end up being less than 200 gallons.;other;;CA
R_27a6NiXbRofzy07;fuel;numeric;decrease one-to-one;I cut it by 200, it would be 200.;naive;;CA
R_1CJ70CK8HxBnRTj;fuel;numeric;decrease by less;"I picked ""5"" because cutting my fuel use by 200 gallons might not mean the world uses 200 gallons less. Global fuel consumption involves a lot of factors beyond individual efforts, so the impact could be smaller.";other;;CA
R_3MGn8vGXlLz7oLW;fuel;beliefs_incentives;decrease one-to-one;If it says I'm going to reduce my consumption by 200 gallons a year then that's what it will be.;naive;;CA
R_1d5CywbvyUaM6Zo;fuel;beliefs_incentives;decrease one-to-one;I see this as if you take the total amount of fuel consumed globally I the year prior I used 400 gallons and I cut it by 200 gallons I feel that the yearly global will at LEAST decrease by the amount I personally used.;naive;;CA
R_1isS2poidFKHyDp;fuel;production;no effect;just because I consume less doesn't mean that it would affect the output production of fuels. Production will still go on as planned;tiny;;CA
R_2e1YsoWgnwG1JIV;fuel;beliefs_incentives;no effect;It will not affect the yearly global consumption of fuel because other people may also choose to increase the gallons of fuel they use every year.;dampening;;CA
R_2aWxuM0ZlyMh2Jf;fuel;beliefs_incentives;decrease one-to-one;According to the scenario, if I use 200 less gallons per year, that will reduce yearly global consumption by 200 gallons.;naive;;CA
R_3Dkfy9ZZPbGwQXp;fuel;production;no effect;I think that number is probably insignificant to the total amount produced.  While it may make a difference if many people did it, I suspect just one person is not going to impact the sales or production.;tiny;;CA
R_1qUMjnxmIMHGq2B;fuel;production;actually increase;Reducing my fuel consumption by 200 gallons every year would increase the yearly global fuel production because the fuel industry is constantly expanding. Fuel will increase production and be used regardless of whether I reduce my personal consumption.;other;;CA
R_1dH1aPMQbHvTxzd;fuel;numeric;decrease by more;If I can make a simple change and reduce my fuel usage by 200 gallons, then I assume that other people would have to also have the ability to make this change and would;other;;CA
R_9WuBPHADKbmOmrL;fuel;beliefs_incentives;decrease one-to-one;Because it would decrease the amount of greenhouses gases that I typically emit. It may not affect the rest of the worlds consumption much, but it greatly reduces mine.;naive;;CA
R_3EaRAo5LW70OZ5X;fuel;production;no effect;It would be so miniscule the producers of fuel wouldn't notice a change in consumption. They would still carry out normal fuel production levels.;tiny;;CA
R_1PSPtk1czWmYu0H;fuel;production;no effect;I feel like that although I reduced my consumption, there are more people every year so despite me using less, there would be a new person probably using at least that much that I cut back so at best, there would probably be no affect on the overall yearly global production of fuel.  Additionally, I think they always want to have reserves so I don't think they would actually cut down on the amount they are producing.;other;population growth trend is assumed;CA
R_3j04g8xt0v7cLlo;fuel;beliefs_incentives;decrease one-to-one;If you reduce your yearly fuel consumption by 200 gallons, it would contribute to a decrease in the total global consumption of fuel, albeit a relatively small impact given the scale of global consumption patterns.;naive;;CA
R_3qZJuYAnNDjmPp6;fuel;production;no effect;My individual actions would not change the market. Instead, there needs to be fundamental change that causes the majority of people to also decrease their fuel consumption;tiny;;CA
R_2ARKLpdoQ7nCHi1;fuel;beliefs_incentives;no effect;Because gas is used for a lot of things in our life, and one person reducing the global consumption would not help;tiny;;CA
R_3oT0v8OO5Gd55Md;fuel;beliefs_incentives;decrease one-to-one;Since I am using 200 gallons less, than the yearly global consumption of fuel should be 200 gallons less.;naive;;CA
R_RslSkon4nlowpuV;fuel;production;decrease by less;If I am using 200 gallons less of fuel, and my consumption of fuel is directly contributing to the total global production of fuel, then 200 should be considered equal to the amount of the total global production that is decreased.;other;;CA
R_3J2RHyufcoL5434;fuel;numeric;decrease by less;It is noble for individuals to take steps to reduce their carbon footprint. But in the grand scheme of things, climate change is much more predominately affected by corporations and governments that use resources on a wide scale. One person changing their consumption is going not going to have a noticeable impact on the world in the slightest.;other;Seems like junk;CA
R_3siS1veMhDY7lsY;fuel;beliefs_incentives;decrease by less;Although my personal use may decrease I cannot guarantee the actions of other individuals and cannot guarantee the global consumption would decrease by the full 200 gallons.;tiny;;CA
R_2tJ68DGavEYpgau;fuel;beliefs_incentives;no effect;because the use of fuel keeps growing;other;;CA
R_1QGyTpVXklQqc0P;fuel;beliefs_incentives;decrease one-to-one;in a fair world, not ours, it would decrease by 200 gallons. In our world, it won't do anything.;other;;CA
R_pSNfC1SyLINSvmh;fuel;beliefs_incentives;no effect;I wasn't given information on the total yearly global fuel consumpion and I'm thinking that the 200 gallons  of fuel is so minute it would not produce any real effect.;tiny;;CA
R_py3LMsalGgTCxvX;fuel;production;no effect;That is such a tiny amount that the global production level of fuel would not be changed. They will continue to produce as much as they can.;tiny;;CA
R_2TBrnugTwZU5CsY;fuel;numeric;decrease one-to-one;It would not even make a dent in global fuel consumption. Corporations and truckers need to step up before the rest of humanity/consumers do. There needs to be government regulation on these things. Me doing it is like a drop of water in every ocean.;naive;;CA
R_3sc8IbsGwHe9axr;fuel;numeric;decrease one-to-one;"I may reduce my fuel consumption however my actions most likely won't affect those around me as they will have their own reasons for the amount of fuel they consume. 

I can extol the virtues of reducing fuel consumption and even show them the financial savings from doing so however most Americans I know are selfish (not so much in a mean way for many, they just don't know better or weren't taught better) and will commend me for ""doing my part"" but won't seriously consider doing anything themselves. The only way folks will do something is if they see that it benefits them directly and immediately. 

We are not a long term society. Everything is here and NOW NOW NOW!";naive;;CA
R_1LheH9ZIx4QEuq6;fuel;numeric;decrease by less;My total consumption would drop but the total global would not drop by the same amount.  This is because I would likely use a different mode of transportation resulting in a slightly increased consumption by that mode.;other;;CA
R_1HcspcVeolR8EAR;fuel;beliefs_incentives;no effect;I said it would have no impact because I‚Äôm just one person out of billions in this world.;tiny;;CA
R_115veuxg5HEdOFT;fuel;beliefs_incentives;decrease one-to-one;I am a part of the global population and if my consumption decreases by 200 gallons, this feels appropriate.;naive;;CA
R_10uZ2UxUiHCh8Et;fuel;production;decrease by less;It would decrease it by 200 gallons because that is 200 gallons not used;other;;CA
R_af3ekmlVbs1D7IB;fuel;beliefs_incentives;decrease one-to-one;Because I am not using 200 gallons. Although, it is likely that as an individual I would not make any impact at all as I am not one of the major sources of pollution.;naive;;CA
R_2idZfqetKsBdks1;fuel;beliefs_incentives;decrease one-to-one;It just seems logical that if I reduce my personal consumption by 200 gallons the total overall consumption would also decrease by 200 gallons.;naive;;CA
R_2fwTDrnOyLp5UJn;fuel;beliefs_incentives;decrease by less;If I personally reduced my consumption there would have to be some sort of ripple effect of the choices I made that would increase the consumption in other places. I would share more rides with a friend and their consumption would go up from small factors like driving to my house to pick me up or the lowered fuel mileage of me being in their car. I could have also lowered the consumption by trading in my car for a more fuel efficient model but the car I traded in was given to someone else and they might drive it more causing the global usage to increase by just a little amount.;dampening;;CA
R_3hcPed3cm1CuMMw;fuel;production;decrease one-to-one;a reduction in consumption would mean that less would need to be produced;naive;;CA
R_PZIg5pRtOvgbMNr;fuel;numeric;decrease one-to-one;It makes sense that if one person reduces by 200 that it'd go down as well. If not then that means I didn't reduce by 200 gallons but I did thusly it would fall by 200 gallons;naive;;CA
R_2PkgJVDF77BSAZj;fuel;numeric;decrease one-to-one;If I should be considering myself alone, my reduction would surely reflect in the overall gallons of fuel used and since am reducing by 200 gallons , the reduction would be 200gallons;naive;;CA
R_0xGWOqbKU0pz6F3;fuel;beliefs_incentives;decrease one-to-one;I think my reduction in fuel consumption would directly affect the global consumption of fuel;naive;;CA
R_3fWdjnGMB41Mc4q;fuel;numeric;decrease one-to-one;because there is a decrease of 200 gallon from me which would have been added to the total consumption rate.;naive;;CA
R_1ooqEPR1ctbsUMg;fuel;numeric;decrease one-to-one;In this scenario, I am only responsible for myself and I am not able to make anyone else or know if anyone else is also reducing their fuel consumption by 200 gallons.;naive;;CA
R_216uYujFI1RMH1t;fuel;production;decrease one-to-one;I'm reducing my consumption by 200 gallons.;naive;;CA
R_1lsqasYbztIWzXs;fuel;production;no effect;i dont think it would matter to much if i used 200 or 400 gallon of fuel;other;;CA
R_2bOijW4TagbZsym;fuel;production;no effect;I do not believe 200 gallons of fuel is statistically large enough to impact the global production of fuel.;tiny;;CA
R_3qgozZKlJtckOf1;fuel;production;no effect;I chose this response because I don't think a single person reducing their consumption would reduce the global production of fuel.;tiny;;CA
R_2zMfZdk1friXYSA;fuel;production;no effect;The global production of fuel would probably remain the same. Although I reduced my yearly fuel consumption by 200 gallons it would not decrease global production.;tiny;;CA
R_OHFoMl9VIcqpDFv;fuel;numeric;decrease one-to-one;By definition it will also fall by 200 gallons a year based on the consumption.;naive;;CA
R_3MERmLdBbtSNc7E;fuel;beliefs_incentives;decrease one-to-one;its happen to incresing to main full  flobal consumption of fuel all of things are go to main things that also make me main things;other;;CA
R_R99XOTFBQ8llosN;fuel;beliefs_incentives;decrease one-to-one;If I reduce my fuel consumption by 200 gallons, then 200 gallons less will be consumed globally;naive;;CA
R_3lXpIaJbpbsGksS;fuel;numeric;decrease one-to-one;If I were to reduce my total annual fuel consumption by 200 gallons, this would result in a corresponding reduction by 200 gallons in the total annual global consumption of fuel. It would make a difference‚Äîalbeit very litte in comparison‚Äîto before I made the reduction. Now, if *everyone* reduced their total annual fuel consumption by 200 gallons, there would be a substantial decrease in total annual global consumption of fuel.;naive;;CA
R_3kNCvQOGk4FEnVA;fuel;production;decrease by less;i think it would decrease the yearly global production of fuel but it will not be a lot unless others follow my example.;tiny;;CA
R_3OqVuVnDOkEeMq7;fuel;beliefs_incentives;decrease by more;My 200 plus a fractional amount more because I wouldn't be consuming other things, like a snack while at the gas station, etc. slightly delaying the need for resupply.;other;;CA
R_Ave6zU2GJhLWbBv;fuel;beliefs_incentives;decrease by less;No matter what it's still less overall than the previous years, but the question is, by how much? If I reduce my fuel usage by, say, riding a bike, then it will subtract from the total yearly global amount by a more significant margin, but if I'm replacing my fuel usage by using some form of public transportation, the net decrease will be less.  But there's also the question of - does my piddling 200 gallons make any difference overall? Or is it like emptying the sea with a teaspoon?;other;no specific explanation given;CA
R_1KiJ4tkI6Df4EhP;fuel;beliefs_incentives;no effect;While the decrease would effect our total consumption of fuel, the effect something as small as 200 gallons would have overall no real effect on the global consumption.  It also doesn't take into effect those individuals who increase their annual consumption of fuel, so theoretically the two users would cancel each other out.;dampening;might be junk;CA
R_2TpCEJHYqkXTjaI;fuel;production;no effect;200 gallons in a year is insignificant to global producers and alone, my choice would not even be noticed.;tiny;;CA
R_3eazCx6s8HLCcnK;fuel;production;no effect;I don't think one person changing will make any difference;other;;CA
R_2n0EgymRTAQBD0d;fuel;numeric;decrease one-to-one;Unless I inspired a peer to also reduce their fuel consumption, mathematically the reduction would be the same globally as the personal reduction.;naive;;CA
R_2ZWWgyhMR2wEVa6;fuel;production;decrease one-to-one;I am using less gasoline so that means it is less gasoline being used;naive;;CA
R_29ssCu4cOgU6mPN;fuel;beliefs_incentives;no effect;Aside from most recent events in my life, I do not drive nearly as much as most people.;other;;CA
R_3ixr0ySmkdmni54;fuel;production;no effect;My consumption of fuel is miniscule compared to the human population as a whole. The tiny amount of sa ings would have no impact.;tiny;;CA
R_1JVKYl6k35LPziy;fuel;beliefs_incentives;no effect;the reduction of 200 gallons per year by one person is unlikely to significantly affect the yearly total global consumption of fuel;tiny;;CA
R_ywfKaH7o2OhWUWl;fuel;production;no effect;i believe that the fuel companies make the same amount of fuel every year. i dont think that one consumer changing by such a small amount will cause them to change their annual production of fuel.;tiny;;CA
R_1kYwWFUeQ3wTzK2;fuel;production;no effect;It wouldn't change much. They would still be creating and selling it. Maybe when I use less somebody else uses more and it ends up balancing out.;tiny;;CA
R_2YP8t1mANaZFnhc;fuel;numeric;decrease one-to-one;I actually don't know what the right answer is. Total global consumption could rise, even if I reduce my consumption by the relatively puny quantity of 200 gallons. It totally depends on aggregate consumer behavior. If everybody also reduced by 200, that would be a different story.;other;;CA
R_2wag9o2ofQnfDNi;fuel;beliefs_incentives;decrease one-to-one;If I use 200 gallons less then that is 200 less gallons included in the worldwide consumption.;naive;;CA
R_pcoHn2rQBg7y0oh;fuel;numeric;decrease one-to-one;I doubt my own consumption habits could have any significant impact on global consumption levels. I do not believe my actions in this matter will affect a change in anyone else's behavior.;naive;;CA
R_3JsVpIJoWXuRDuV;fuel;beliefs_incentives;decrease one-to-one;Definitely global consumption will decrease because I am using 200 gallon less from whatever global gallon used per year. Sort of if you take a glass of water from the ocean, total amount of water in ocean decreases.;naive;;CA
R_3GivVMYct4gioca;fuel;numeric;decrease one-to-one;Because that is the amount equal to what my reduction in consumption would equate to. By reducing my consumption by 200, I also reduce the total amount of global consumption by the amount saved.;naive;;CA
R_3FJQFEHG1sF4dOi;fuel;production;decrease one-to-one;If I reduce my yearly fuel by 200, that simply means there will be less than 200 gallons on fuel included in the total global production: However, I do not believe this will make that much of an impact as I am just one individual and we need everyone contributing to actually make a global impact.;naive;;CA
R_7TIBQeb4g6W8HG9;fuel;numeric;decrease one-to-one;Because as the explanation says it definitely deals with a lot of consumption of fuel's because of the rise of economy sometimes;other;;CA
R_3Of6pdDRRXlpBC3;fuel;production;no effect;I dont really think it would make an impact, if it became common practice of the general population I think it would decrease fuel production only slightly;tiny;;CA
R_262pjPon1Ufareo;fuel;production;no effect;Because those in control of producing fuel produce it more by what they want the costs of fuel to be, and less by the demand. If tens of thousands of people did this then it might make a difference in production because the prices would drop too low, so they would produce less.;tiny;;CA
R_3dEvHqoNECrefGy;fuel;beliefs_incentives;decrease one-to-one;The global consumption of fuel would descrease and that number would be 200 regardless of consumption elsewhere.;naive;;CA
R_1rOCZYJaK4dvJOA;fuel;beliefs_incentives;no effect;I think if you reduced your consumption of fuel by 200 gallons it would lead to you making decisions that consumed fuel downstream that you aren't fully aware of.;other;;CA
R_RVykn9lpOSYJPgZ;fuel;beliefs_incentives;decrease one-to-one;If I reduce my consumption by 200 gallons, in theory, the global consumption would be reduced by that amount.  But it may not be the case in reality, because others might have increased theirs.  I'm being optimistic in my prediction.;naive;;CA
R_QmijsOtAqquLXVv;fuel;beliefs_incentives;decrease by less;If I reduce my personal consumption I still need to travel to the same places and obtain groceries. I live someplace that is not walkable. Having things delivered to my house probably uses more fuel than if I just went to go get the item myself so even if I reduce 200 there will be a corresponding increase elsewhere.;other;;CA
R_2UgTcg3WZ0rlAzM;fuel;production;no effect;"It would take more than a year to compensate for my tiny drop in fuel...if it compensated at all; if I am the only person to decrease my fuel consumption, it would just be a teeny variance in the amount of fuel sold. Now...if I were to make a big deal out of decreasing my consumption and extoll the benefits of that, it's possible others might also decrease their own comsumption. If enough others did so, THEN we might see a drop in the yearly global fuel production in whatever time it takes for the market correction. I don't think markets move terribly fast, so it might be a year to two or three years down the line before there's a change.";tiny;;CA
R_0cjneGCaqfT4lKp;fuel;production;no effect;I don't believe one person's consumption can affect the global production. I think it would take a majority of the people to consume less (or more) to affect a change in production.;tiny;;CA
R_12Ebt9nUYROGrie;fuel;production;no effect;I think that the market will be able to consume anything that I save. This is particularly true with water as an example, where I am competing usage with companies who can use whatever I saved like it's nothing. In the case of fuel, factories, shops, etc. whether here in the US or abroad, would still have access to the fuel that I did not consume. So I'd rather keep my usage to truly what I need to begin with.;dampening;;CA
R_129AmAn2YdfzpPo;fuel;production;no effect;I do not believe my individual actions with affect global production. I am not the primary class of consumer for fuel. That position is taken by commercial drivers, semi drivers, etc.;tiny;;CA
R_1H5jnzpInjYC8N7;fuel;production;no effect;The petroleum industry produces approximately the same amount of fuel every year.;tiny;;CA
R_PINiI3bIZNxerq9;fuel;numeric;decrease one-to-one;I think that I might typically use 400 gallons and then would end up cutting the amount by 200 and I think that this would be a really good thing and also that the yearly total global consumption of fuel would decrease as well as perhaps others might do the same in the end. I believe that people follow trends and consuming less fuel could easily be one of them.;other;assumes that others follow trend;CA
R_VXBZ6tmZdjY0YyR;fuel;numeric;no effect;i think that even if i reduced my own fuel consumption, as an individual i don't have as much of an impact as businesses or large corporations.;tiny;;CA
R_1KkbKc1Y8zLl2sc;fuel;production;no effect;Just because it affects my consumption, I don‚Äôt think it would affect the production;tiny;;CA
R_2TyLu0CVSBmUBtp;fuel;beliefs_incentives;decrease by less;to protect the environment;other;;CA
R_5z5AiGtllnxQ9JD;fuel;production;decrease one-to-one;I would be using 200 gallons less but everyone would have to do it to affect global production;naive;;CA
R_bQvYRSrwAuI4tBT;fuel;numeric;no effect;Takes a group of people performing the same action consist to make an impact.;tiny;;CA
R_3MmQCnMcmvEODLc;fuel;beliefs_incentives;decrease one-to-one;I think, all else being equal, if I reduced my fuel consumption by 200 gallons then 200 fewer gallons would be used worldwide.;naive;;CA
R_1er57d6ymYxQNcQ;fuel;numeric;decrease one-to-one;Well assuming noone knows that Ive reduced fuel consumption then no one will feel as though they can use more fuel.  so there should be no offset to accompany my choice.  however if I were vocal about my choice to use less fuel, others may feel as though they have more of a buffer for spending fuel.   therefore, i would be quiet about this venture cause I believe it would benefit the world more if I quietly helped.;naive;;CA
R_ZsIN5PFAl2MtmW5;fuel;numeric;decrease one-to-one;If I reduce my fuel reduction by 200 gallons , than total global consumption of fuel is reduced by 200 gallons . This is very clear to me .;naive;;CA
R_D29QiK9o1UfoOGt;fuel;beliefs_incentives;decrease by less;if i reduce my yearly consumption, it will decrease global consumption. let's take for example, the total yearly consumption of my state is 1000000 if i reduce mine by 200, it will have an impact and decrease the general consumption number.;tiny;;CA
R_2SjGblBBZPIf3Yk;fuel;numeric;decrease one-to-one;Based on the data provided I am the only one that is reducing fuel usage, therefore the net change would reflect my change.;naive;;CA
R_3izfJJG3cOP07Fw;fuel;numeric;decrease one-to-one;400-200=200;naive;;CA
R_RREO1CPfV2o2BZT;fuel;beliefs_incentives;decrease one-to-one;Im not using the fuel anymore.;naive;;CA
R_Uc4XpAsdfDQ1cQx;fuel;beliefs_incentives;decrease one-to-one;We are not given any statistics on the global fuel consumption totals for ALL, instead we are given the total fuel consumption for the year of YOUR usage of fuel in gallons. We cannot speculate if it would decrease ALL total consumption, but we can speculate that YOUR total consumption of fuel will decrease by 200 gallons for the year.;naive;;CA
R_3P5EhHZVP828KrE;fuel;production;no effect;I chose that my decision would most likely *not affect* the yearly global production of fuel because I truly believe that in the larger scheme of things my measly 200 gallon reduction means very little and would not affect the outcome of that year's mass global production numbers greatly.;tiny;;CA
R_sjINd9RCHv31EAx;fuel;production;no effect;I chose this response because if i was to save 200 gallons of fuel in a year, it wouldn't do anything because I'm only one person and that wouldn't make any difference whatsoever, but say if a large number of people di this, it definitely would make a difference and decrease the yearly global production of fuel.;tiny;;CA
R_V45dCieL3zjijjr;fuel;beliefs_incentives;decrease by less;If I reduced my yearly consumption of fuel by half, that would mean I would be more dependent upon others to deliver things that I need.  It would mean more transportation fuel by Amazon, UPS, and other delivery drivers, unless I also decreased my use of consumer goods.  So though I might drive less, to compensate, there would be more transportation fuel used to get me what I needed.;other;;CA
R_3HnbqYxcKTLDPnC;fuel;numeric;decrease one-to-one;The total consumption of gas would fall by 200 gallons because I made the choice to not get or use 200 gallons of gas. So I would not contribute to the global fuel consumption.;naive;;CA
R_273QzqMwUTE6oLm;fuel;production;decrease one-to-one;It would lead to less demand (200 gallons left) so producers would supply less to adjust.;naive;;CA
R_2rOtVWSDTxxZ6UT;fuel;beliefs_incentives;decrease one-to-one;If I choose to reduce my fuel consumption by then it would affect they yearly global consumption by decreasing it by 200 gallons exactly.  This would be without regard to any else that might offset the global consumption of fuel.;naive;;CA
R_2EGItaquaBUhQcQ;fuel;production;no effect;200 gallons is not a huge number in comparison to global production. It would take a lot more than just me reducing my consumption to reduce production.;tiny;;CA
R_3fBKgh6JjuQshkX;fuel;beliefs_incentives;decrease by more;If I was paying close attention to the amount of fuel I was consumed and was strict in trying to stay under a certain limit (200), my lifestyle would likely be adjusted to the point where I would consume less than 200 gallons each year.;other;;CA
R_1NFkho9y8b7SGtp;fuel;numeric;decrease by less;i divided by half;other;;CA
R_YR2Qdjbkk2gIFix;fuel;numeric;decrease one-to-one; I'm not sure what the total global consumption of fuel is to say how much my lack of consumption will affect the total number.;other;;CA
R_1jNjoigDmjjswww;fuel;beliefs_incentives;decrease one-to-one;One person does not make a difference  ut that 200 would be reduced.;other;;CA
R_vCVEd63dzpQPNcd;fuel;production;decrease by more;It would reduce how much I use and the amount of fuel used to both transport and make the fuel;spillover;;CA
R_1ZH0JIjy7XwTg6B;fuel;numeric;decrease by more;"I never thought about this before, in this way. I can see why I might have answered less. ""My"" unused fuel might be snatched up by some other consumer; after all, once the oil is out of the ground, it's going to be used. But I like to think that my consumption patterns would influence a few other people. So I answered as I did, with reducing the total consumption by more.";other;;CA
R_WpTQcPVLj3mifvj;fuel;beliefs_incentives;decrease by more;I would like to believe that my example could inspire others to reduce their consumption, whether by dramatic measures such as taking public transport or cycling, or by simpler measures such as combining errands, combining online orders, and other simple alterations requiring no inconvenience.;other;;CA
R_XnVDbpRoP8h0ZvX;fuel;production;no effect;I think my own contributions don't do much to sway a producer when there are so many other people that don't change their consumption either;tiny;;CA
R_2R932zc5LVhBYEj;fuel;numeric;decrease one-to-one;Because I don't know how others are going to respond.  All I know is that I'm going to cut my use of fuel.;naive;;CA
R_3GkZtbo7JsvNJOy;fuel;production;no effect;Even if I reduce my yearly fuel consumption by 200 gallons, fuel is going to be produced either way. And 200 gallons is not that much fuel to make a a difference.;tiny;;CA
R_1gC1bfk6PW0xo1h;fuel;production;no effect;I don't think one person using 200 gallons less of fuel would have any impact on global production.;tiny;;CA
R_3e8iVOgTa3NKb6S;fuel;production;no effect;One person choosing to reduce their annual consumption of fuel, particularly only by 200 gallons, would not have much if any impact on the annual global production of fuel. It would still be used by other individuals needing to provide transportation for themselves. Even if I were to switch to an alternate form of transportation, such as using a public city bus, the bus would need to handle the increased fuel costs of carrying additional passengers adding extra weight to the bus and reducing its fuel economy.;dampening;;CA
R_AG95dojdZBntjvb;fuel;numeric;decrease by less;I would assume that there would be more people out there who wouldn't reduce their consumption by as much.;other;;CA
R_3ijW3nz3jnwmNdO;fuel;beliefs_incentives;decrease by more;It would decrease by more than 200 gallons because the emissions it takes to transport those 200 gallons of fuel to me would be lessened from the start since I would never use them.;spillover;;CA
R_b4rJC0CUSJD1dkJ;fuel;beliefs_incentives;decrease one-to-one;Unless it is a trick question the first statement said that my fuel consumption is part of the global consumption rate so if I use 200 gallons less per year it should reduce the global consumption by the same amount.;naive;;CA
R_2xypF1YzeP2QP41;fuel;production;no effect;I don't think the actions of one person can make an overall dent in the yearly global production of fuel. In the grand scheme of fuel production, my part in it is very small and as one singular person, I don't think I'd be able to affect anything.;tiny;;CA
R_2U5evMBiAZl04ln;fuel;production;no effect;There are more contributing to the yearly fuel consumption, it would take more than one person to make a change;tiny;;CA
R_1n1nm7MkPg7OXUI;fuel;numeric;decrease by less;I think it would be hard to get everyone to reduce their fuel consumption. There are always going to be those who can't or won't reduce their consumption. My choosing to reduce fuel consumption would have an impact, I hope, but not to the extent of my personal actions. There would be an average effect, so I chose 100, the difference between 0 and 200.;tiny;;CA
R_2wgABkZeiQifjwg;fuel;beliefs_incentives;decrease one-to-one;If the yearly global consumption is the sum of all the gallons used, then if i use 200 less then its 200 less;naive;;CA
R_3s1g8addzJEhlyo;fuel;numeric;decrease one-to-one;I don't control what other's consumption habits are.;naive;;CA
R_28C0ihnodTZ1scH;fuel;production;no effect;The fact that I reduced my fuel consumption by 200 gallons would have no effect on the yearly global production since 200 gallons is little compared to the yearly global production. Also, considering that vehicles are produced everyday and more cars are bought yearly, the 200 gallons would be consumed by other users.;tiny;trend is assumed for dampening;CA
R_28ZDBCNfWtdkqe5;fuel;production;decrease by less;I do not think that my individual contribution would make that much of a difference in how many gallons globally are being produced;tiny;;CA
R_2XiaVvqvdZsNM9r;fuel;production;decrease by less;The only reason I chose this response is because I would be using 200 less gallons of fuel a year.  I'm not sure if there would be difference at all. It almost seems like it wouldn't make a difference.;tiny;;CA
R_1IGla3Eq0B0VE73;fuel;beliefs_incentives;decrease by more;Because when the total global fuel consumption is decreased it will definitely matter with the consumption fuel which brings more income to the company;other;;CA
R_2DOcU5YiOFUJ0yE;fuel;numeric;decrease by more;Theres probably other things that my fuel consumption affects that would lead to the yearly total going down more than just what I personally did;other;;CA
R_1GOAR4xEgo5qeCq;fuel;numeric;decrease one-to-one;This means that in the total global consumption on like previous year, i did not consume 200 gallons so this will definetly make a difference;naive;;CA
R_xbdUh3q7M4Et2k9;fuel;numeric;decrease one-to-one;Because that is what I am consuming less yearly.;naive;;CA
R_2Cmn92sTjMCF1ck;fuel;production;no effect;The yearly global production of fuel would not change, because I don't think that a 50% reduction in consumption by one individual would alter production.  The fuel would still be produced and used.  If a great number of people reduced their consumption, oil would probably still be produced.;tiny;;CA
R_2QKBm02YvDPuzJp;fuel;numeric;decrease one-to-one;If I reduced my yearly consumption by 200 that should reduce the yearly total global consumption by the same amount.;naive;;CA
R_2rqNSJ9W8nFM77V;fuel;production;decrease one-to-one;Regardless, my change in fuel consumption would effect everything;other;;CA
R_3n8gEVxC6lbOxKZ;fuel;beliefs_incentives;no effect;My consumption is just a drop in the bucket and does not compare to the huge amount produced globally and it will probably be offset by someone else's consumption increasing.;dampening;;CA
R_27D7xR4UKxSCl40;fuel;numeric;decrease one-to-one;If I personally reduce my consumption, then that amount is lowered from the global consumption because I have not used that amount.;naive;;CA
R_27lP4bouqg9uqvt;fuel;production;decrease one-to-one;I chose this answer due to the fact that if everyone reduced their yearly fuel consumption by 200 gallons, it would affect everyone else's and decrease theirs as well.;naive;;CA
R_a4CADYU6gyiUe4N;fuel;production;no effect;By me cutting in half my personal consumption is not relevant to the global production of fuel.;other;;CA
R_1hAVmsYn0PvPXCb;fuel;production;decrease one-to-one;I am only responsible for my consumption.;naive;;CA
R_22nWDfq4GlVu9ry;fuel;numeric;decrease one-to-one;I think if I use 200 less gallons, then the number has to go down by that much. That is 200 gallons that I wouldn't be using, so the number would reflect that.;naive;;CA
R_x4qqyfsV40sTcw9;fuel;production;decrease by less;It would make a small difference.;other;;CA
R_2EEKr1y5SEZW2kS;fuel;numeric;decrease by less;66 billion gallons*If every American reduced their fuel consumption by 200 it could make a sizable difference- there are about 332 million Americans in the US- multiply that by 200 and it's quite a bit.;misunderstanding;;CA
R_2tKZkLArIzBjYwY;fuel;beliefs_incentives;decrease by more;If fuel is decreased globally, then it seems like it would be more than 200 gallons, since it's more than just me.;other;;CA
R_5hE3KCc28TS4uf7;fuel;production;decrease one-to-one;it will decrease climate change;other;;CA
R_AFFMIbc50m8tVhD;fuel;beliefs_incentives;decrease one-to-one;Because it seems to be correct. I am only reducing my use. So I cannot see how it would impact global use.;naive;;CA
R_12MxO6BbjE1dA4X;fuel;production;no effect;Such a small amount wouldn't have any real impact on production. My doing so might inspire others I know to reduce theirs and possibly start a local change, but I believe it would take a lot more to really make a difference in production. Having the amount of gallons already produced yearly might help figure out what that threshold would be. I'm sure there are other factors as well.;tiny;;CA
R_1eRak4N2p8Wis5o;fuel;numeric;decrease one-to-one;While there's the chance someone else might end up using more or less fuel contributing or deducting from the total, at least my 200 gallons decrease would mean 200 less of me contributing. So I'd still just assume 200 would still be decreased from my action.;naive;;CA
R_YS29s8SaotFbtTz;fuel;beliefs_incentives;decrease one-to-one;I would decrease my consumption by 200 gallons, that means the world's comsumption has decreased by 200 as well. I see no reason why the world consumption would decrease any more, or less, than 200.;naive;;CA
R_6GaMxmcXV6mDvAB;fuel;beliefs_incentives;decrease by more;I predict that fuel consumption will go down in general, so if I decrease my consumption by 200 gallons, the total will go down by more than 200 gallons.;other;;CA