﻿ResponseId;vig;condition;effect;explanation;code_effect;comment;coder
R_p6RyAH1WrzlUrFT;fuel;production;decrease by less;My fuel consuption affects the global production of fuel but not in a whole matter.;other;;CB
R_3G3Z603ekvg3ico;fuel;numeric;decrease one-to-one;Even if I were to reduce my total consumption, I feel like the use of fuel continues to go up and is becoming more and more widespread. Even with the invention of hybrid and electric cars, people still love their muscle cars and their trucks. There has also not been a very popular or mainstream way to use other fuel alternatives in our home. So if I reduce my use, it will only be reduces by that much, by me. But overall in the global aspect, probably none.;tiny;;CB
R_1M0Sngtmgi7utZg;fuel;beliefs_incentives;decrease by more;I chose it would decrease the yearly global consumption by MORE than 200 gallons because we have to take into consideration you need fuel to transport the 200 gallons, so by using less gallons, the fuel transport and production will be reduced thus saving fuel on fuel transportation and fuel industry.;spillover;;CB
R_1kYvbwrwOPQ2fTn;fuel;production;decrease by more;The decisions that we make as individuals do not occur in a vacuum. If I choose to reduce my consumption of fuel, I expect that it is part of a trend of other consumers also reducing their consumption of fuel, probably in response to an energy conservation campaign or greater availability of alternative fuel vehicles, etc.;endogenous;;CB
R_2VEZoxPK2HNe1HX;fuel;beliefs_incentives;decrease one-to-one;Unless it is some sort of trick question, reducing my own consumption by 200 gallons would also reduce global consumption by the same amount. There is no indication that I would be reliant upon other modes of transportation to compensate.;naive;;CB
R_1jInliV087RUdDY;fuel;numeric;decrease by more;I WFH a lot so I still drive but it would be less.;other;;CB
R_2AWLyUETLjHnvZt;fuel;beliefs_incentives;no effect;I do not believe that it would reduce the yearly global consumption, because someone at the same time could increase their total yearly global consumption.;dampening;;CB
R_2nKJOeJc0Lo50Fr;fuel;production;decrease one-to-one;It is the mathematical answer - if i used 200 gallons less, then 200 gallons less would be used overall.;naive;;CB
R_x6gghs3PpEOFYch;fuel;production;decrease one-to-one;400 minus 200 is 200;naive;;CB
R_3HMuvNEAAHT7NrX;fuel;production;decrease by less;If I am using 200 less gallons per year, then the entire usage would be decreased by that amount. Even if someone else increases their usage, my 200 less would still decrease the total;naive;;CB
R_1riGEVevTw2gkJ0;fuel;beliefs_incentives;no effect;My own individual actions would have no affect on society at large;tiny;;CB
R_7Wm0atrIG5TJp97;fuel;beliefs_incentives;decrease by less;It seems accurate.  If i reduce my fuel intake by 200 gallons that is all it would do reduce consumption.  there is no way to accurately measure the effects on the globe.  especially when other countries are using fuel to power coal furnaces.  we should be using gas because its the most efficient and widely available resource we currently have.  those saying it causes global warming are trying to scam you and control the resource.;other;;CB
R_1Rjz34MMHIj6MqR;fuel;numeric;decrease one-to-one;Because my consumption will affect total consumption. If i reduce my consumption, it will affect my total consumption;naive;;CB
R_DvkynI6v0BCvL69;fuel;production;no effect;I just don't think one person can make that much of a difference globally. I think one person using 200 gallons less would not be noticed.;tiny;;CB
R_3oH1yHOUqZ7HfG1;fuel;numeric;decrease one-to-one;I am part of those consuming fuel so it's proportional;naive;;CB
R_1pVXcfX0sgch9Xu;fuel;production;decrease by more;it seemed correct;other;;CB
R_56BcOF5RY30TXtD;fuel;beliefs_incentives;no effect;Because some other people that buys will increase there fuel consumption I am not the only one in the country;dampening;;CB
R_RhsI3pFhWda11TP;fuel;beliefs_incentives;decrease one-to-one;This reduction, when multiplied by the collective efforts of individuals and organizations, can contribute to a significant decrease in the total global consumption of fuel.;other;;CB
R_1E5691uJodRVvL2;fuel;numeric;decrease one-to-one;If I am not using those 200 gallons of fuel, it won't magically be used up by someone else.;dampening;;CB
R_3GkUv1XDrdkQ00x;fuel;production;decrease by less;If I use less fuel for transportation I might be using more delivery services to meet my needs.  If I do that, I will increase their fuel usage and that will offset some of the fuel that would be saved by me.;other;;CB
R_Qh4sFV1HgwVdMJP;fuel;numeric;decrease one-to-one;if you decrease your fuel by 200 gallons...then you decrease your fuel consumptions of 200 gallons;naive;;CB
R_2f2v2y5LjnGL7KR;fuel;numeric;decrease one-to-one;If I am the only one who is dedicated to lowering my fuel consumption then I don't think it will have any effect on global consumption outside of me.;naive;;CB
R_1oIqKtLflbd9rks;fuel;beliefs_incentives;decrease one-to-one;...;junk;;CB
R_3HZEZMQ8UUrHGTv;fuel;beliefs_incentives;decrease one-to-one;I chose this response because the question only asked about my own personal fuel consumption. If I was using 400 gallons and reduced my consumption to 200 gallons, it would reduce yearly global fuel consumption by exactly 200 gallons.;naive;;CB
R_1gw6bWCTHMx89Rc;fuel;production;decrease by less;There are many other factors that contribute to fuel consumption. Just because I reduce my consumption, it doesn't necessarily translate 1:1 as there are additional factors such as building materials, transportation of consumer goods, which I consume, that consumes fuel.;other;;CB
R_BRlB58NUbWK4eoV;fuel;production;no effect;I'm a drop in the bucket for total production, my individual change has no impact on the grand total.;tiny;;CB
R_2DZcgXNYYDD4mZS;fuel;beliefs_incentives;decrease by less;if i decrease my use of fuel by 200 gallons then that is part of the global consumption so i'm guessing it would decrease by 200 gallons;naive;;CB
R_1It7DF7pJ7I4lDr;fuel;numeric;decrease by less;If I am lowering my fuel consumption then it would be lowering the yearly consumption.;other;;CB
R_3C5X5LQJxbaLcQN;fuel;numeric;decrease one-to-one;I would reduce what I am contributing to the global amount;naive;;CB
R_3Ol7wAt0PeDcRVX;fuel;numeric;decrease one-to-one;If I reduce the amount, then the reduced amount goes toward the yearly total global consumption.  I am using less, therefore the global consumption is less.;naive;;CB
R_3KvgLDlqoSGpAz5;fuel;numeric;decrease one-to-one;All I can account for is what I've personally reduced. There are many other variables that could alter the total number. There is not enough information provided to assess whether the yearly consumption rate would be lowered, raised or if it would remain the same. So my answer is reflective of the only thing I know for sure - that I personally reduced my fuel consumption by 200 gallons.;naive;;CB
R_yxzZHKW4zU8ql33;fuel;numeric;no effect;Global fuel consumption is likely to remain unchanged by my act;other;;CB
R_qRDxJdbRnOII54l;fuel;production;decrease by less;200 gallons is such a small amount compared to total global production that I'm not sure if it would have much of an effect. My guess is that it would reduce production slightly, but by less than 200 gallons.;tiny;;CB
R_3CPXvCrYyiZ7xIq;fuel;production;no effect;That amount is such a tiny fraction of the fuel that is produced, that it is not enough to sway a difference in the amount produced at the most basic level of production. If there was a very definite, regular amount of fuel used by each individual on the planet, it might be worth reducing the fuel produced by 200 gallons, but the fuel use of the world fluctuates so much more than this tiny amount.;tiny;;CB
R_11gpd82JCcJNjSV;fuel;production;no effect;I do not think my 200 gallons not used would change the amount produced.  Technology and capitalism will just add another car to the road to make up for it.;dampening;;CB
R_O71yKyw2HJQ7fpf;fuel;numeric;decrease one-to-one;I couldn't think of any offsetting examples, so I chose 200 less;naive;;CB
R_1LwLzhsvXHUWfcV;fuel;production;decrease one-to-one;Because I can only take into account my own actions...my decision to reduce my fuel intake may or may not impact someone else.;naive;;CB
R_31GdlwugqbR8owh;fuel;numeric;decrease one-to-one;yes  because i assume it is a sum and not a rate;naive;;CB
R_1d7izMgXAig5xR7;fuel;production;decrease one-to-one;i chose it would decrease yearly global production by 200 gallons.  i chose that because the question is just talking about me, if talking about everyone, more likely than not people would not be able to reduce use.;naive;;CB
R_3EMdEmbBjRg7Dvk;fuel;numeric;decrease one-to-one;I say that it would reduce by 200 gallons because out of the total amount of combined fuel consumption I originally contributed 400 gallons, but if I cut out 200 gallons then that should also be removed from the total fuel consumption.;naive;;CB
R_26mpd1KZVK2jqIQ;fuel;production;decrease by more;Because you have reduce consumption, the left over becomes excess and hence production will be forced to reduce since demand isn't meeting supply;spillover;;CB
R_3I4bSOETSwu28kt;fuel;beliefs_incentives;no effect;Despite reducing my yearly consumption of fuel, I feel like someone else out in the world would continue to consume more fuel, offsetting the benefit from my change in behavior.;dampening;;CB
R_pawXCj1GbqiIcp3;fuel;production;decrease one-to-one;I feel that the demand would lower and therefore supply would as well.;other;;CB
R_2uvPfsLG3PzTmjH;fuel;production;no effect;"The global production is influenced by complex factors, like demand from various sectors, economic conditions, geopolitics, and government policy.

Individual actions, when multiplied across a large population, can create a societal shift in behaviors toward sustainability. If a substantial number of people were to adopt practices that reduce their fuel use, it could influence the market and encourage a shift in the energy industry towards more sustainable alternatives.";junk;;CB
R_2sbf7q1pyt12te8;fuel;beliefs_incentives;decrease by less;Usually reducing one's fuel consumption requires taking more public transportation. Around me, that is the bus system. Some of the buses are electric, some aren't. Public transport helps people maximize an amount of fuel, by the simultaneous usage of it on the same bus. But it still is SOME fuel. So I'd still be using whatever my share of public transportation gas I take up.;other;;CB
R_ykkW6wCee4PwCQx;fuel;numeric;decrease one-to-one;It would fall by the 200 Gallons, more or less it would be exactly 200 based on my own reductions.;naive;;CB
R_ah23BuhHxkh380F;fuel;production;decrease one-to-one;it seems like that;other;;CB
R_2V9djPwAhI0ZCLa;fuel;beliefs_incentives;decrease by less;If I were to reduce my fuel consumption by 200 gallons I think it would decrease the yearly global consumption by less than 200 gallons since my impact wouldn't make that much change when others also don't do the same.;tiny;;CB
R_Rq2vCI8tQ58L6et;fuel;production;decrease one-to-one;My fuel consumption contributes to the total global production of fuel, reducing my consumption would also decrease the yearly global production.;naive;;CB
R_3PovLmkKxLZeILz;fuel;numeric;decrease one-to-one;I am using 200 less gallons so that is 200 less.;naive;;CB
R_R4wwI2ZHqWPzz0t;fuel;numeric;no effect;I think it would remain the same.;other;;CB
R_2Xap4glnoX9s7sV;fuel;beliefs_incentives;decrease one-to-one;It's a bit confusing, but I have to assume that the question is asking how the yearly global fuel consumption would change if I reduced my personal yearly fuel consumption by 200 gallons.  If that is the case, then naturally, there would be 200 gallons less fuel consumed globally each year.;naive;;CB
R_1IY2Wug3BiQpB0U;fuel;numeric;decrease by more;I doubled the amount of gallons because I think, somewhere throughout the year, I would be discussing my motivation behind reducing my fuel consumption. I think each person that hears this may be a bit more mindful of their consumption, in turn reducing it a bit more.;spillover;;CB
R_YQ9Y4wlms7Yg8gx;fuel;numeric;decrease by less;I am not sure if it would impact the total by that much - it's just one person;tiny;;CB
R_eDPnaspFDj0gFix;fuel;beliefs_incentives;no effect;It's a small amount in comparison to how much is used all over the world. It would be too small to make a global difference.;tiny;;CB
R_TvIVYM9JxUQkoA9;fuel;production;decrease one-to-one;all reductions are good. we have to start from somewhere;other;;CB
R_3jeTyiPLWBGaqTf;fuel;production;decrease one-to-one;Because with me being apart of the total global production if I do 200 less it will subtract exactly 200 from the global.;naive;;CB
R_0c7c7ZoKNIjEYRb;fuel;beliefs_incentives;no effect;Globally, fuel consumption is increasing so a few people reducing their consumption will not have an effect. To decrease global consumption everyone would have to reduce, including business and industry, and not just individuals.;tiny;;CB
R_ukpTag9jAL53odz;fuel;numeric;no effect;My personal consumption is decreasing by 200 gallons. However, I expect global consumption will continue to rise anyway because of overall demand. Global consumption will not decrease unless a large number of consumers all reduce their consumption. My personal reduction just slightly slows the overall increase.;tiny;;CB
R_1DTt2I9Xd7ZiBGl;fuel;production;decrease one-to-one;By less as an individual means the company will sell less by the equal amount a consumer choose to reduce from her consumption, which means 200 gallons cut from my expenses will also means 200 gallon sales reduction to the company;naive;;CB
R_31Ylht24aymr8UP;fuel;beliefs_incentives;no effect;It is highly insignificant;tiny;;CB
R_QcbB8R4rwNPXtdL;fuel;numeric;decrease one-to-one;If I am reducing my use of fuel, then the consumption would fall overall. The impact would be a drop in the bucket, but my using it less would mean that it would fall by 200. Someone else could start driving more and increase their usage, but it would not necessarily mean that my impact would not stand. So I think the reduction would be the full 200 gallons.;naive;;CB
R_2Uf2QMKRIrs2ap0;fuel;production;no effect;I do not know. I have no idea about the logistics of this type of thing.;other;;CB
R_dniA5yoctIvChUJ;fuel;production;no effect;I don't think it's enough to affect global production.;tiny;;CB
R_Ubh5yHoKUQurUWd;fuel;production;decrease one-to-one;It's 200 barrels less needed.;naive;;CB
R_1IBlZFDE7hZ6nBx;fuel;beliefs_incentives;decrease one-to-one;there would be no effect on anything/anybody else if I would reduce my fuel consumption by 200 gallons /;naive;;CB
R_262ROBO8yiA3umA;fuel;beliefs_incentives;decrease one-to-one;It's reducing my usage cut from the total amount;naive;;CB
R_ufD8LyQuXw1LN1D;fuel;production;decrease one-to-one;I chose this response because I would only be accounted for my fuel consumption and no one else's.;naive;;CB
R_2vcCCknqFHtxP5O;fuel;numeric;decrease one-to-one;The fuel consumption would be reduced by 200 gallons worldwide since I stopped consuming those 200 gallons. Unless others increase their consumption, those 200 gallons would not be used. Unless there was an incentive for others to consume more fuel (lower prices, rebates) there is not the market of interest in those gallons so they would not be used.;naive, discussion;;CB
R_1dxWFctN13wLKcz;fuel;numeric;decrease one-to-one;I think that by cutting down their fuel consumption it is making a difference although a very small one.;other;;CB
R_2E0psJHt6UZw478;fuel;numeric;decrease one-to-one;This is because to significantly reduce the cost of fuel alot of people would have to adopt the reduction of gallons consumed yearly;other;;CB
R_3h9ZjASFwj7Eqwq;fuel;numeric;decrease one-to-one;I reduce my consumption by 200. So it's really not all that my compared to the whole global consumption. My reduction does not impact the consumption of fuel globally.;other;;CB
R_rqMkfYnxvnS533z;fuel;numeric;no effect;I am going to be honest, despite my personal contribution of reducing my fuel consumption by 200 gallons, I don't feel like it is going to make an impact on the yearly total global consumption. Global consumption is such a big scale and it would require a massive amount of people to reduce their yearly consumption in order to make an impact like that.;tiny;;CB
R_1gBxTQJ1cylN4v0;fuel;production;no effect;The yearly global production of fuel depends a lot on supply and demand. But with an immense global population, and the use of oil for more than just transportation, my miniscule reduction would be like the most microscopic drop in a gallon of liquid.;tiny;;CB
R_2bKlRjn9vDaU1DL;fuel;beliefs_incentives;decrease one-to-one;I chose this response because in theory if I am reducing my consumption of gas by 200 each year, then total would be decreasing by 20 because of me.;naive;;CB
R_1FmGx5VViTq4Ugy;fuel;beliefs_incentives;decrease one-to-one;I chose this response because I believe it would make a difference. It would not be much but it would be 200 less gallons of fuel purchased each year.;naive, discussion;;CB
R_3n0dyC2dqZdAlFU;fuel;numeric;decrease one-to-one;I'm sure there are many factors that will influence this, but as far as my contribution then it would be just the 200 gallons I didn't consume. Others may do the same, or others may use more fuel. As for myself, I would move the needle by the 200 gallons I didn't use.;naive, discussion;;CB
R_3hgu1nG1NWWJTY2;fuel;numeric;no effect;Just because I reduce my usage doesn't mean that the market will be affected. There are new drivers every day, teenagers getting into driving new vehicles, people getting married and buying new vehicles, there is always someone buying fuel, regardless of if I need any or not from what I have seen at the fueling stations...there is always a need for fuel and I don't think that my gain or loss in yearly fuel consumption makes that much of a difference.;tiny;;CB
R_3hithUCmVLjwZXe;fuel;production;decrease one-to-one;It would make a difference if everyone lowered their consumption. If I am the only one doing it then the amount would be only what I save.;naive;;CB
R_3nUkZxKQq8BoozQ;fuel;numeric;decrease one-to-one;I don't think 200 gallons would make a big difference overall. My consumption might drop by 200 gallons, but someone else's might increase by 200+ gallons.;dampening;;CB
R_3lrkL4HPeiwD5ly;fuel;beliefs_incentives;no effect;Although I reduced my consumption of fuel, there are more people in the world that would consume more fuel so I don't think I would affect the yearly global consumption of fuel.;dampening;;CB
R_z8qjvlUx63ANJmx;fuel;production;no effect;It would only impact globally if EVERYONE or a significant number of people did this. 1 person in the globe making this change with not have a stastical difference;tiny;;CB
R_2vcVDAoP6ABIkXt;fuel;production;decrease one-to-one;If I collectively reduce my fuel consumption from 400 gallons to 200 gallons yearly, it would likely contribute to a decreased overall demand for fuel. In response to reduced demand, the fuel industry may adjust production levels accordingly, leading to a potential decrease in the yearly global production of fuel.;naive;;CB
R_2cnkXAorNSzhGQC;fuel;numeric;decrease one-to-one;If I reduce my fuel consumption by 200 gallons it would affect the yearly total global consumption of fuel by that same amount.;naive;;CB
R_wLzUWsX47NZmWZj;fuel;numeric;decrease one-to-one;"I kept the same reduction of consumption because 
A) i ride a bike everywhere that I don't take public transport in NYC and I have no idea about personal fuel consumption
B) i didn't feel i had enough info or data to do anything else but keep the same 200 gallon reduction - how would i know any different? 
C) i was uncertain what this study was ""about"" - if I ""reduce my fuel consumption"" what ""big picture"" info is imbued in my as a result?";other;;CB
R_3NVc65GAEzTS2WT;fuel;beliefs_incentives;decrease by less;Realistically I'm not sure it would make any difference because the answer to questions like that usually are a lot more complex than the surface, but I'd like to think it would decrease it a little.;other;;CB
R_2R53sbOQDYwfqXN;fuel;numeric;decrease one-to-one;My consumption would reduce but that would not last long because there is always the individuals who use more and there are of course more new young people who are beginning to consume more fuel.;dampening;;CB
R_2az31j4jJGNeT0q;fuel;beliefs_incentives;no effect;Because me not using 200 gallons of fuel is nothing when looking at fuel use everywhere;tiny;;CB
R_Bzc0EPF8GL6fnnb;fuel;numeric;decrease one-to-one;I can only speak for my fuel consumption reduction and not someone else's. Therefore, If I am reducing consumption by 200 gallons, that would be a 200 gallon reduction.;naive;;CB
R_3fs1k6y3SUhzFVf;fuel;production;no effect;200 gallons of fuel is such a small amount compared to the global production of fuel that it would not affect production at all.;tiny;;CB
R_6V9U5T2aFuUVZCx;fuel;numeric;decrease by less;I don't think me lowering my fuel consumption would put much of a dent into global consumption. For it to be truly affected, a significant amount of people would also have to cut down on their usage.;tiny;;CB
R_2rouwrG5Sllkzbi;fuel;production;no effect;I feel that it is a very small amount compared to how much is used globally, especially because that 200 gallons is spread out over a year. That is less than a gallon a day difference which would hardly make a difference down the line.;tiny;;CB
R_3PZvJpwaMuT6A2v;fuel;numeric;decrease one-to-one;I cannot control what other people do, only what I am doing.;naive;;CB
R_117pT0bo2qDOOgR;fuel;beliefs_incentives;decrease by less;If I am part of the global consumption and I reduce my consumption by exactly 200 gallons, then it's only logical. If I reduce my emissions, then the global consumption will fall, even slightly.;naive;;CB
R_u2rZgcOS0BuuewV;fuel;beliefs_incentives;decrease one-to-one;The decrease of the global consumption is very important component used for calculation of the gross domestic product.;junk;;CB
R_2BtWTsohzW8jUmQ;fuel;numeric;decrease by more;I multiplied 200 gallon by 12 months giving me the number 2,400. This would roughly be the saving on gallons per year.;misunderstanding;;CB
R_1IEJoKoxPJJ2hpy;fuel;production;no effect;I would reduce my consumption but the overall production wouldnt change.;other;;CB
R_SDlDA61iLPdKaYh;fuel;numeric;decrease one-to-one;I am just one person whose actions generally do not effect the choices of others.  The decisions I make are an individual choice.  To effect any large scale change, governing bodies must be involved.;naive;;CB
R_2CCvZzkmZqD5mFB;fuel;beliefs_incentives;decrease one-to-one;because if I'm using 200 gallons less than that would decrease the global consumption by 200;naive;;CB
R_3qyzXLfygB9f2Rj;fuel;production;actually increase;Global production is actually need for them I would like increase the level is better and permanently increase the level is better;other;;CB
R_1MYtXOjyVo9MYYB;fuel;numeric;decrease by less;"If i reduce my fuel consumption it could reduce the global fuel consumption by 1 gallon; but only after a period of many years. It would be contingent on my friends and family seeing how I reduced my fuel consumption and then trying to also lower their fuel consumption. Then it would be a ripple effect of their family and friends reducing their consumption. This would take years though, and even at that it would be a drop in the bucket of fuel consumption; because corporations, such as delivery services, trucking, and construction, use more fuel than individuals.";tiny, discussion;;CB
R_3NE7KgFMb9lu2Ze;fuel;beliefs_incentives;decrease by more;There are costs in fuel to transport the fuel so it would be higher than 200 gallons.;spillover;;CB
R_OPAA7Gl6jQMN6jn;fuel;numeric;decrease by less;I think that just because I reduced my amount, it wouldn't really make much of a difference because others may use more then that and so it'd only slightly make a different.;dampening;;CB
R_2B3T172avF7SbjG;fuel;production;no effect;I don't think just me reducing my gas is going to do anything on the global production. Its such a small amount it wouldn't even be noticable to oil producers.;tiny;;CB
R_2TmJiYDJuYc3khK;fuel;beliefs_incentives;decrease one-to-one;My 200 gallons I would be consuming will always be counted as 200 gallons no matter what so not consuming that would objectively lessen the yearly global consumption since no one will be using my specific fuel.;naive;;CB
R_2eaFqs0mLrpLSGe;fuel;numeric;decrease one-to-one;If I reduced my fuel 200 gallons per year it would fall a even amount.;naive;;CB
R_3kN7qSfi1jjSeaY;fuel;beliefs_incentives;decrease one-to-one;I would have developed a habit to drive less and consume less fuel.;endogenous;;CB
R_277fB5Q4OXh0NAV;fuel;numeric;decrease one-to-one;the scenario presents the importance of the need to reduce fuel consumption because of its adverse effects on the climate, so doing the little i can to that cause has a significant benefit;other;;CB
R_2SiZOxsG32p8g0n;fuel;beliefs_incentives;decrease by less;It's hard to predict what just one person could do to the yearly global consumption of fuel. I would think that it wouldn't really do anything, but I was hopeful it could decrease it by a little.;tiny;;CB
R_2rZ870j9vsKxfN1;fuel;production;no effect;I don't see my individual actions as affecting the yearly global production of fuel because people's fuel consumptions are regularly changing and I think it would balance out with others' increased fuel consumption. My answer would be different if my consumption decrease was in response to a public movement, but that is not indicated here.;dampening;;CB
R_7267FDFQr6ubcEp;fuel;production;decrease by less;If less people need fuel, we'd eventually stop producing as much, even if there was still some excess.;other;;CB
R_0xMN17VhT532me5;fuel;numeric;decrease by less;I THNK BY REDUCING HALF OF THE CONSUMPTION WOULD FALL LESS MORE;other;;CB
R_tL3RRbYcvI0QBu9;fuel;beliefs_incentives;decrease one-to-one;"In essence, while individual actions collectively contribute to a larger impact, the direct effect of one person reducing their fuel consumption by 200 gallons annually is likely to be overshadowed by broader trends and factors influencing global fuel usage.
";tiny;;CB
R_1fd5EqJbn5JIhKq;fuel;production;no effect;I think that when you're talking about the entire world's production of fuel, one person's consumption is too small to be noticed.;tiny;;CB
R_3O8pZjGB8NB284J;fuel;production;no effect;I don't think it would make much of a difference if one person cut their fuel consumption in half, there will still be about the same amount of fuel produced, regardless of whether or not I reduce my fuel consumption, it would take a collective effort to see any noticeable effect.;tiny;;CB
R_3EyWKEhGfe1EGOn;fuel;numeric;decrease by less;Some of the decrease in my fuel usage would have to be compensated for in other ways. For example, I may not be driving my own personal vehicle, but I'm adding to the load in the public transit system or ridesharing services.;other;;CB
R_s52IhwWGqKpB2hP;fuel;numeric;decrease by less;I choose that response because even though it says that my fuel consumption is part of the total global consumption I am not sure that me cutting my fuel consumption actually makes a difference unless everyone also cuts their fuel consumption. I could cut my fuel consumption by half but if people doubled their fuel consumption it could cancel out my efforts. I understand it is important to do what we can to try and help the environment but I am not sure that me cutting my consumption in half would actually have any impact on the total global consumption.;dampening;;CB
R_vHmckIi6aRCdodz;fuel;production;decrease one-to-one;I can only control my own consumption and not everyone elses.;naive;;CB
R_5q1MGUm9O4UQsff;fuel;beliefs_incentives;decrease one-to-one;Because if I reduce my fuel consumption by 200 gallons then the worldwide consumption would be reduced by 200 gallons.;naive;;CB
R_2PyVtETFVZyEDMJ;fuel;production;no effect;Global fuel production is largely fueled by price dynamics not necessarily consumption. Small changes have no impact.;tiny;;CB
R_1Lv5yjepcQsr2tN;fuel;numeric;decrease one-to-one;if i start using alternate transportation instead of driving my car , or I switch to battery operated car , fuel consumption should go down for 200 gallons(scenario 2);naive;;CB
R_1gC1z0QaCUnNLs9;fuel;numeric;decrease by less;I do not drive very much at all. I do not that think that my reduction will have any impact on the global consumption since I barely drive but to work and the grocery store and other places that I may need things here and there.;other;;CB
R_1RddewbInUNUNrz;fuel;beliefs_incentives;decrease one-to-one;I could only control how much fuel I use per year. In this case I would be guaranteeing a 200-gallon drop.;naive;;CB
R_1GWzd37DqxbVNod;fuel;numeric;decrease one-to-one;This is a very broad question, but based on the information we are given, it would reduce the global consumption by 200 gallons. Is there something large that happened which reduced my fuel consumption? If so, others will likely reduce their consumption as well.;naive, discussion;;CB
R_3nxfrAjSDsPRGNa;fuel;beliefs_incentives;decrease one-to-one;Since I contribute to the total global consumption, the amount I reduce will also be subtracted from the total global consumption;naive;;CB
R_24ja5qtEciuQ1wg;fuel;beliefs_incentives;decrease one-to-one;I am consuming 200 gallons less fuel than the previous year.  Assuming everyone elses consumption is unchanged, the yearly global consumption of fuel would lower by the same amount.;naive;;CB
R_3RxuFM1c5879slw;fuel;beliefs_incentives;no effect;The fuel I am not using would likely just be used by someone else.;dampening;;CB
R_en6iIKM2FXv6Scx;fuel;beliefs_incentives;decrease one-to-one;Because it is the amount of total fuel that I am deciding to reduce;naive;;CB
R_2c2hhh8s6wtO5Jy;fuel;production;no effect;I feel that if it was just myself reducing my fuel consumption it would not change but if everyone reduced their consumption the oil companies would have to reduce the amount produced;tiny;;CB
R_1Fx4LcJUn4ldWAR;fuel;production;no effect;If I choose to use 200 less gallons of yearly fuel, it would be a reduction of 200 gallons less fuel but the total production would still be made and sold.  It may not make a huge difference in the overall global total but it is still 200 gallons less and I would be helping to do my part.  If everyone reduced their usage of yearly fuel then total production would be less and go down as no business or government wants to have an over-oriduction.  It will take a sizable group to make a difference in production, but that same reduction can make a difference in the environmnet. and climate change.;tiny;;CB
R_1HdwsGcX0BZbjjP;fuel;beliefs_incentives;decrease by more;I chose more because in addition to the 200 gallons I would not be using, the added fuel for producing, refining, transporting the 200 gallons would be factored into that.;spillover;;CB
R_QmK8MoyjyaLaQX7;fuel;numeric;decrease one-to-one;Not knowing all the facts means that I can only assume that my personal reduction of 200 gallons would equal a yearly reduction of the exact same amount.  If other people see what I'm doing and do the same, then there would be a greater reduction.  But in a vacuum, only my reduction would be counted.;naive;;CB
R_2zvTUZq9ywafEeb;fuel;beliefs_incentives;decrease one-to-one;I am told that my consumption is part of the global consumption of fuel, so reducing my own consumption by 200 gallons a year should therefore decrease the yearly global consumption by a minimum of 200 gallons a year.;naive;;CB
R_25WMfsq6jB1DC9L;fuel;production;decrease one-to-one;My action itself would drop the fuel usage by 200 gallons.  But the global market depends on others.  I'm assuming that that most likely it still would be 200 less.;naive;;CB
R_RlVIftiAB0dlF61;fuel;production;no effect;Even though I am not buying it, the gas is still being refined as if I will. No matrter how I use it would take a lot of people to impact production and before that impact happens out demand has to affect prices. We have seen nothing like this.;tiny;;CB
R_3MaO2sAiBMPSflt;fuel;beliefs_incentives;decrease by more;If I reduce my fuel consumption reliably, it also reduces demand for fuel, which may have a measurable (if very small) impact on what fuel is delivered to my area. That fuel costs fuel to deliver. So if people are buying less, less is shipped.;spillover;;CB
R_21mLwcFlP2EX3IS;fuel;numeric;decrease one-to-one;If I'm reducing my yearly fuel consumption, I can only count what I am reducing. If I'm going from 400 gallons to 200 gallons, I'm reducing consumption by 200 gallons.;naive;;CB
R_2RaCDiF6GWOD1j6;fuel;numeric;decrease one-to-one;In this scenario I was the only one thus it affects only me as the user;naive;;CB
R_1rOnhvEL6Y685Kd;fuel;production;no effect;Fuel supply would be manufactured yearly regardless of how much is used. People can reduce usage I think, but supply would still be at a certain level.;tiny;;CB
R_2dEHsbmesFElTsl;fuel;production;decrease by less;The company's would see a decrease of sales. Of course they would start decreasing the production, but not by 200 gallons in case of increasing sales in the future.;dampening;;CB
R_2f8IXVIKLjqGWvt;fuel;production;no effect;My 200 gallons means literally nothing to the production and sale of billions of gallons of fuel each year. If I only went to one gas station for the year even they wouldn't even notice the difference.;tiny;;CB
R_246u464XNP5RAGN;fuel;production;no effect;We saw a similar scenario play out during covid. It didn't seem as though people driving less caused less gas production but it brought down the cost of the gas. we then were also able to provide more gas to our national oil reserve. we are also talking about a global scale. I do not think my driving is going to have a big influence on a global scale. If everyone reduced their driving globally for a few years we might see a difference then.;tiny;;CB
R_ANCupzXcdkO4yGd;fuel;production;no effect;I'm not sure that one person would affect the global production of fuel.;tiny;;CB
R_xc7Z3W46wLiqj3b;fuel;production;no effect;I do not feel that the 200 gallons is relevant enough to make a difference in production;tiny;;CB
R_3sytVxfBYsC0poD;fuel;numeric;decrease one-to-one;Honestly, I'm not really sure. I would have to do research to make a better, more informed answer. But just going by this, I guess it makes sense that by consuming 200 gallons less of fuel, then the overall yearly fuel consumption would also drop by 200 gallons.;naive;;CB
R_21AmgMUAEKVBQP2;fuel;numeric;no effect;I think that that small of an amount wouldn't lead to the fuel companies producing more fuel. It would have to be a much bigger movement to make an impact.;tiny;;CB
R_3Mrs5pnxqbhdriU;fuel;numeric;decrease by more;In addition to the 200 gallons of fuel itself, there is other fuel that contributes to its manufacture and transport.  This could include machines for drilling and processing oil, ships for transporting it, tanker trucks delivering it to gas stations, etc.  The actual fuel usage of all of those things is probably negligible compared to the gallon of fuel produced and sold, but I gave it a conservative estimate of an extra 1%.;spillover;;CB
R_3CMXfFHYP7vUGxC;fuel;production;decrease one-to-one;If I'm normally using 400 gallons of fuel per year and permanently cut down to 200 gallons per year, then logic would say it would decrease the yearly global production of fuel by 200 gallons. Although I don't think it would significantly impact the production levels, if everyone that consumes fuel did it, then it would have an impact.;naive;;CB
R_11gQgxC2UpwmRm9;fuel;production;decrease by more;because reducing fuel usage is very important now to save the planet;other;;CB
R_3Oogt9mQVi9N9jD;fuel;production;no effect;My small intake of fuel wouldn't affect production as it's insignificant.;tiny;;CB
R_2AT3Dr6Vhk05zUk;fuel;beliefs_incentives;no effect;A difference of 200 gallons of fuel is too insignificant to change global yearly consumption.;tiny;;CB
R_25Ar79cEs2NX8xO;fuel;numeric;decrease one-to-one;I'm just going off of simple math if i do 200 less than that will reflect in the global consumption too regardless if some wealthy millionaire wastes 13,000 gallons watering their lawn filling their pool or taking frequent private jet flights. 200 less is 200 less.;naive;;CB
R_urlhmEkMSkY6Fu9;fuel;beliefs_incentives;no effect;I feel that it would not make much of a difference.;other;;CB
R_2cBMol9aJzamGtk;fuel;production;decrease one-to-one;I chose this response because I would expect a decrease by 200 gallons.;naive;;CB
R_3IbpF0mza1tdHhB;fuel;beliefs_incentives;no effect;Well. It would decrease MY consumption of fuel but the fuel would still be there- it would be consumed by someone else. It's hard to answer. There would be me- ONE person not consuming the 200 gallons but it would still be PRODUCED. I'm not saying it's a trick question but without being able to clarify that my honest answer is that what I personally do will make no difference.;dampening;;CB
R_2uWgH7gLsB140Xd;fuel;beliefs_incentives;no effect;looking at the bigger picture, my decision to use 200 gallons less fuel won't affect the global consumption of the product.;other;;CB
R_3qqdArnrap6PMaF;fuel;numeric;decrease one-to-one;Cutting my annual fuel consumption by 200 gallons would have a positive impact on global fuel usage, although the reduction in the worldwide total may not be an exact 200-gallon decrease.;other;;CB
R_1NaAjAWi0IyIOz8;fuel;production;decrease one-to-one;If I used 200 less gallons of gas per year than 200 less gallons of gas would be used overall.;naive;;CB
R_1C2v21zqM07WsiK;fuel;production;decrease one-to-one;Because that is 200 gallons less that would have been used;naive;;CB
R_3KJU0uKDmuFbwWY;fuel;numeric;decrease by more;Me being one person cannot influence other people to reduce their fuel consumption despite my fuel consumption habits;other;;CB
R_22UZQsUUWpYJNmJ;fuel;beliefs_incentives;decrease one-to-one;Because 200 gallons is half of what I normally use;naive;;CB
R_3PN2MzJWB3FiuzH;fuel;beliefs_incentives;decrease one-to-one;It would decrease by the amount that I don't consume.;naive;;CB
R_1FaEibEHeYrhBdE;fuel;numeric;decrease one-to-one;I I'm the only one that reduced my fuel by 200 then it would only be 200, it would be more if everyone reduced it by that;naive;;CB
R_1j89hGhv6m7cwHL;fuel;production;no effect;200 gallons is insignificant from the perspective of global fuel usage. my reduction would in no way affect production volumes.;tiny;;CB
R_1KrOp7uIoA1qZFy;fuel;beliefs_incentives;no effect;It would not have any affect on the global consumption because someone else or multiple people will just use that fuel so it won't make any difference in the end;dampening;;CB
R_sNJl8bLXKNxEfPX;fuel;beliefs_incentives;decrease one-to-one;It seems like the right response to me;other;;CB
R_2SoSgnYYjdhpUKT;fuel;numeric;decrease one-to-one;I think that the consumption would be 200 gallons less.  However they may choose to not recognize all of it.;other;;CB
R_3j074zic4Ers2XC;fuel;beliefs_incentives;decrease one-to-one;Well it seems like if you as an individual decreased your consumption by 200 gallons, then the overall consumption would also be decreased by this much;naive;;CB
R_1NFIeHEBNRby4Hu;fuel;production;no effect;I don't think that amount is really enough to make any difference at all.;tiny;;CB
R_vHodnezr1rNSF8J;fuel;beliefs_incentives;decrease one-to-one;If I'm the only one to decrease, the number would be -200.;naive;;CB
R_2SxiFjwY9SAkcaN;fuel;beliefs_incentives;decrease by less;I'm just one person, I don't think I alone would have such a massive impact on the global consumption. Also, there will always be kids who are getting their driver's license who will add to the global consumption.;tiny;;CB
R_28Yh3qNvXEnFjr2;fuel;numeric;no effect;There are so many people in the world, so technically alone, I wouldn't make a difference. If a lot of people like me made the same decision, then I do thiink it would start to make a dent.;tiny;;CB
R_2V7kBu85mujlcgd;fuel;numeric;decrease by less;It is likely the reduction by 200 gallons personally would still use up fuels elsewhere that may not be direct fuel consumption.  Like riding a bus or buying an electric car that requires fuels to be built or the battery components to be mined.;other;;CB
R_1pWIdWkKoSmnk73;fuel;numeric;decrease one-to-one;My reduction is what I would reduce. the 200 gallons would be my contribution.;naive;;CB
R_1DHanhDEXspoeqD;fuel;beliefs_incentives;decrease one-to-one;If you reduce consumption the total consumption should go dish so long as you aren‚Äôt consuming in other ways to compensate;naive;;CB
R_ykhmy3Cn22AbDGh;fuel;beliefs_incentives;decrease by less;WHile I may be decreasing usage someone else is likely in increasing, I would like to think it would decrease a little though;dampening;;CB
R_1mWvT2sknqTrEVt;fuel;production;decrease one-to-one;I think I made this decision independently of other people and other factors, so I don't think it would affect production that much since there's many other people contributing.;naive;;CB
R_1mz0inyP4Kvh0ES;fuel;production;decrease one-to-one;Applying this scenario to only me this number would be true;naive;;CB
R_3FJxr7RTbWaFtvz;fuel;beliefs_incentives;decrease by more;Losing less fuel personally would also lower the amount of fuel used to transport those 200 gallons therefore lowering everything.;spillover;;CB
R_2dmVfhwiE8LWdi3;fuel;numeric;decrease one-to-one;Unless everyone else was participating in this effort, the only person doing the reduction would be me, so no there would be no further reduction.;tiny;;CB
R_1FsJ4Lgo7fC5fz6;fuel;production;no effect;One person isn't going to make a difference.  It will take a lot of people changing there current usage.;tiny;;CB
R_tQ9ENMnFWqfNOzn;fuel;production;decrease by less;As I understand how the global oil economy works, changes in demand can effect changes in supply. However, the reduction of my own consumption shouldn't move the needle that much. That's why I picked the answer I did, as it reflects a reduction but not a large reduction.;tiny;;CB
R_22X2Qcyrpq3wKio;fuel;production;decrease one-to-one;"I think this based on the fact that fuel, a commodity, is big business, and big business likes to earn big profits. so they will decrease production in order to create consistently less supply than demand. Thus ensuring a big profit.
";other;;CB
R_yUszzcmIPYCWPVn;fuel;numeric;decrease one-to-one;I don't think one persons fuel consumption has a greater impact. It takes many people to have a significant impact on the reduction of fuel.;tiny;;CB
R_1OozqWMqKA8bOvE;fuel;production;no effect;I don't think the yearly global production would be affected by such a small decrease. It would take many people making such reductions over a long period of time before the production of fuel would be reduced,;tiny;;CB
R_3GqOZvKguuhXAcX;fuel;production;no effect;I do not believe my usage would affect the production of fuel at all. 200 gallons is a very small amount that would not be noticed on a global scale.;tiny;;CB
R_2waF9RvPlNnn3cB;fuel;beliefs_incentives;decrease one-to-one;If you are combining everyone's yearly global consumption of fuel and I have actually decided to permanently reduce it by 200... then yes, the year global consumption would be reduced by 200 gallons.;naive;;CB
R_1q94JqxfiAeYRq3;fuel;production;no effect;I would personally reduce my fuel consumption, but that does not mean that the fuel would not be produced in the first place, simply that I would not be the one consuming it. Therefore, it would not affect the global yearly production of fuel.;tiny;;CB
R_3GdYKRKIW7Gxafs;fuel;beliefs_incentives;decrease one-to-one;logical progress;naive;;CB
R_3sjEUlLWWCZ91SO;fuel;production;decrease by less; I'm all about being environmentally friendly. So, if I'm cutting down my fuel use by 200 gallons, it's like my small contribution to reducing the overall demand. I figure if more people do the same, it could add up and lead to less fuel being produced globally.;other;;CB
R_2lvoM1xdY6C9AcN;fuel;production;decrease by less;Gas prices can be a pain, and if I can get away with using 200 fewer gallons a year, that's some extra cash in my pocket. I don't really think it's gonna impact the global production much, maybe a slight decrease, but it's not like I'm the only one doing it.;other;;CB
R_2v81h8jf5cdis8K;fuel;numeric;decrease by less;I felt like it was within the range on the lower end that I realistically expected.;other;;CB
R_2cu51Rub3LkyoLU;fuel;beliefs_incentives;decrease by less;Due to calculation;other;;CB
R_ywiW4ddvRhgvYsx;fuel;numeric;decrease one-to-one;Regardless it would drop by 200. 1 would leave me with something as 2 leaves me with nothing.;naive;;CB
R_10rrtIUX3Woteqj;fuel;beliefs_incentives;decrease by more;I believe if I were to reduce my consumption of fuel by 200 gallons, I would be part of many people that are making the same decision, by deciding to decrease my global consumption of fuel.;endogenous;;CB
R_1P8mEK1jEu49t9E;fuel;beliefs_incentives;decrease one-to-one;"If I am reducing by 200 gallons it makes sense consumption is reduced by that much
";naive;;CB
R_2wcLiZcaqI0P791;fuel;numeric;decrease by less;I feel like it is too difficult to directly corelate my decrease in fuel usage to an exactly same decrease in the global consumption.  There are many other factors at play.  Maybe there are a lot of other people who decrease consumption so the overall global consumption goes down by 1000 gallons, or maybe there are a lot more people who start consuming, or increase their consumption so globally consumption goes up by hundreds or thousands of gallons.  I don't feel like my decreasing usage by 200 gallons will directly mean globally consumption goes down the same amount.;dampening;;CB
R_3ErNBjJIKIuESQU;fuel;numeric;no effect;If I do not use the fuel someone else will. Reducing my fuel usage will not have a positive net effect on saving any fuel.;dampening;;CB
R_2zjQXD5LnhuqnP7;fuel;numeric;decrease by less;I don't really drive all that much any more, and my total fuel consumption per year is less than 100 gallons.  But, the off-set of this would be the person that drives much more than I do and would use more fuel.;dampening;;CB
R_1jwHgD1je4fs5ae;fuel;beliefs_incentives;decrease by less;I don't think it makes a big difference. I mean, sure, I might use less fuel, but there are so many other people out there consuming like crazy. My 200-gallon cut is like a drop in the ocean. I doubt it would make a dent in the overall global production. So, I'd say it won't affect it much at all.;tiny;;CB
R_bvI4qsU5eL0K6E9;fuel;beliefs_incentives;no effect; one person's efforts may seem modest, the collective impact of many individuals making such changes can contribute to mitigating the environmental impact of fuel consumption. so this may seem relatively small on a global scale, except  substantial number of individuals adopt similar practices, it could lead to a noticeable decrease in overall yearly total global fuel consumption.;tiny;;CB
R_1plF9EDp9C6DKV5;fuel;numeric;decrease one-to-one;If I eliminate 200 gallons of the worldly consumption of gas then that is 200 for the whole planet;naive;;CB
R_barS4GI9pNZog2l;fuel;numeric;decrease one-to-one;If i'm reducing my consumption of fuel by 200 gallons per year, then this doesn't mean global consumption will fall by 200 gallons, somewhere else in the world a country will buy the extra fuel.  By no means does this mean global consumption will fall because of me.;dampening;;CB
R_2fjTD3Q3ta2eQxo;fuel;production;no effect;They will still produce it, it will just be someone else buying it. Fuel companies want more money.;dampening;;CB
R_1mQxSvK1r1BDtiD;fuel;numeric;decrease one-to-one;I would be saving 200 gallons and helping do my part.;naive;;CB
R_2TH3KtkMzFWRpDs;fuel;numeric;decrease one-to-one;My reasoning behind my response is simple, If I consume 200 less gallons a year then that would mean that the world consumes 200 less gallons a year. World consumption - 200 gallons = x.;naive;;CB
R_2f8sUX4Loa9y7TX;fuel;production;no effect;BECAUSE I AM JUST ONE PERSON AND OTHER PEOPLE MIGHT INCREASE USE;dampening;;CB
R_1IRtUlAA3WnQ2tA;fuel;beliefs_incentives;decrease one-to-one;If I decrease my consumption of fuel by 200 gallons then it would decrease the global consumption of fuel by 200 gallons. Some people may not think it would effect the global amount because it is a small amount compared to a large amount but I believe it would still be important.;naive;;CB
R_2Qsss8zxxAo3vPB;fuel;numeric;decrease one-to-one;If I'm using 200 less gallons, then that's 200 less gallons that is consumed yearly.;naive;;CB
R_25GCTSMPisZ5Wvx;fuel;production;no effect;For me, a single person, to drastically change my driving manners wouldn't prove to be substantial in the move to be more green.;tiny;;CB
R_ukmSDHdwpuuQlqx;fuel;production;no effect;I don't think the fuel industry is so efficient that they would notice such a small change.  It would take many people reducing their fuel consumption by that much.;tiny;;CB
R_1LbZu84ODPgrQ4F;fuel;beliefs_incentives;decrease one-to-one;i chose this response because the global consumption would decrease by 200 gallons if i use 200 less gallons in a year.;naive;;CB
R_1ouudgzoQy9Kdfm;fuel;numeric;decrease one-to-one;If I reduced my fuel consumption that would reduce the global consumption total.;naive;;CB
R_3DvIbZ26AhJo36y;fuel;numeric;decrease by more;I assume that it takes some fuel to transport the that fuel around.  My understanding is that tanker ship fuel doesn't burn very efficiently, and it has to be driven to the gas station as well.  But I assume it's not grossly inefficient or else it would hit profit margins substantially, so 10% more is my guess?  I'm not very sure about it at all, though.;spillover;;CB
R_pgxK9iOftWgeSeR;fuel;production;no effect;200 gallons isn't enough to even register to the people deciding how much gasoline to produce.;tiny;;CB
R_8laPqXqMywmiu77;fuel;production;decrease by more;Well, there are a number of ways you could have reduced that fuel which would involve other knockdown decreases. For instance, just driving less. If you use less gas, then the local gas station where you buy your gas needs less gas. This would mean the possibility of fewer trips needed to supply the gas station, meaning less gas needed by the supplier, etc, etc, etc.;spillover;;CB
R_sF50fP6vJvEGxRn;fuel;production;decrease one-to-one;It seems like the most logical answer but I am not sure.;naive;;CB
R_29oV2w3Bm2P8hNY;fuel;beliefs_incentives;decrease one-to-one;I do not control what other people do I only control what I do. And when I cut my fuel consumption in half by consuming 200 gallons the global consumption will decrease by 200 gallons.;naive;;CB
R_2X0713L3yBONeGS;fuel;beliefs_incentives;decrease one-to-one;I'm just going with all things being equal. If I use 200 gallons less, that equals 200 gallons less used for the world. I am not trying to take other factors into consideration.;naive;;CB
R_3irROXgpqNAh71Z;fuel;numeric;decrease one-to-one;It would make sense for the total global consumption to drop by 200 gallons. That's how much it is getting reduced from.;naive;;CB
R_3EoLZYaXimDeif5;fuel;production;no effect;I am pretty sure that global fuel producers are not monitoring how much they produce on a person-by-person basis. They decide to produce X amount of fuel and if I buy more or less does not matter because other people out there are buying more or less so it kind of all evens out. The manufacturers will adjust output based on more than just my personal consumption.;tiny;;CB
R_1n6GXJXBnDceTAc;fuel;production;decrease one-to-one;The demand would be less so the supply would follow suit.;naive;;CB
R_2wNy06elrDu4t1j;fuel;numeric;decrease one-to-one;There is a global market for fossil fuels.  The amount of 200 gallons seems like a drop in the ocean, but it counts.  Costs are dictated by supply and demand.  Less demand will lower fuel costs.;naive;;CB
R_2rV3lTQz3Ha7Aur;fuel;numeric;no effect;If I don't use the fuel someone else will;dampening;;CB
R_29rYkhy1DCrETY4;fuel;production;decrease by more;I believe nobody may purchase the quota. There  will be no need to produce what won't  be consumed.;other;;CB
R_3HUfr2RSEr53BaS;fuel;beliefs_incentives;decrease by less;It qualifies the situation;other;;CB
R_Xzi1ByuEUMxA569;fuel;production;no effect;My 200 gallons isn't going to make a difference one way or another on oil companies decision making.;tiny;;CB
R_3M5ncNx2DPEmATS;fuel;numeric;decrease one-to-one;Reducing personal fuel consumption by 200 gallons would contribute positively to the environment,;other;;CB
R_1gtO5n0l5s28wTR;fuel;numeric;decrease one-to-one;I'm thinking it would stay the same;other;;CB
R_VW5jeuUOvnh3t97;fuel;production;no effect;The fuel I use is a very small portion of the total production. It would take thousands of individuals to reduce their consumption to even make a small decrease in production.;tiny;;CB
R_bEjlRhGTddaCxPj;fuel;production;decrease by more;This is because by lowering fuel consumption, it will contribute to a reduction in overall demand for fuel.;other;;CB
R_3GDhcIuqfbI97E7;fuel;beliefs_incentives;decrease by more;I think that my reduction of my fuel consumption can have some cascading effects.  I think these will be very small, but not nothing.  First, I think that if I'm reducing my fuel consumption, presumably I'm not driving as much.   This will be one less car in traffic, which should help the cars that remain be more fuel efficient-- presumably they might have to wait less time at a light, or wait less time to turn, and it would be one less car in traffic jams.  Additionally, my reduced fuel usage would lead to decreased demand, which would find some fuel savings by having less gasoline transported to my local fueling stations.  Lastly, I don't think that I would be able to neatly cut my fuel consumption in half, but instead would have to make large structural changes to my life to pull off permanently reducing my fuel consumption to only 200 gallons.  Like, walking to work or taking public transit or carpooling.  So, I think the overall fuel savings in my life could be greater than 200 gallons.;spillover;;CB
R_3KHGrbzDHdKFA9E;fuel;beliefs_incentives;no effect;I am too small in the global world and the action of one individual doesn't have much impact on the overall world, especially when there's so much fuel consumption. 200 gallons is nothing,;tiny;;CB
R_3L6WOvRyl5YUcPd;fuel;numeric;decrease one-to-one;Because if I reduce it by 200 that would be the number that would be recorded.;naive;;CB
R_126hg6LHNQJNFj6;fuel;numeric;decrease one-to-one;My yearly consumption was reduced from 400 gallons to 200 gallons. That would mean that the global consumption was also reduced by 200 gallons based on my reduction of consumption.;naive;;CB
R_3j9uhSiIzbPJdFe;fuel;beliefs_incentives;decrease by less;THERE WOULD BE A DECREASE DUE TO THE APPLICATION OF SOME STRATEGY PROPOSED TO REDUCE EMISSIONS;other;;CB
R_1Qa9uvPy49X1jcF;fuel;numeric;decrease by less;I doubt my impact alone would be very much given how many people drive, esp in the US. I don't drive at all but it's hard to be persuasive to others when almost everyone does. There are just so many people in the world, even internationally.;tiny;;CB
R_2VL4MmlzukArZ88;fuel;numeric;no effect;It depends on what everyone else does.;other;;CB
R_sicY8eFr4Ru8SBP;fuel;beliefs_incentives;decrease one-to-one;I would assume it would decrease the yearly consumption by 200 gallons because I no longer will be consuming those 200 gallons of fuel any more. This of course assumes no one increases their fuel consumption.;naive;;CB
R_6rRNF5C4eCgmm8F;fuel;beliefs_incentives;decrease by less;I don't think it would have that great of an impact on fuel consumption when you add up all of the millions of gallons of fuel consumption in the world.;tiny;;CB
R_3no1fr5tFuZJhlP;fuel;beliefs_incentives;decrease one-to-one;If I use 200 gallons less then there would definitely be 200 less in total;naive;;CB
R_1Lzfg6gMHxddH4E;fuel;production;actually increase;I‚Äôll say 300 gallons. I said my answer because supply and demand will mean they are going to need oven more fuel.;misunderstanding;;CB
R_2QKuLddEpyIiU9P;fuel;production;decrease by less;I imagine me reducing my usage of fuel would definitely reduce the yearly global production of it by a little bit (most likely), but probably not exactly 200 gallons. I think excess demand would show up elsewhere and soak up a bit of that lost use from me.;dampening;;CB
R_10MoZynZnwiDGwa;fuel;beliefs_incentives;no effect;I doubt it would make a difference, for each gallon of gas I don't use there would most likely be a corporation that wastes that gallon instead.;tiny;;CB
R_2xJnOFM8MmT4IyL;fuel;numeric;decrease one-to-one;I think it would be the same as my 200 however if everyone did that it would change the world.;naive;;CB
R_3PUjMr02aeKW2rU;fuel;production;no effect;Well since I'm just one person I don't think it'd make a big difference;tiny;;CB
R_XLNw705MLZ0B561;fuel;numeric;decrease one-to-one;I may be wrong since I'm not certain how global consumption is determined. However, it seems that my 200 gallons less should be reflected in the same way. So global consumption would go down in tandem with personal consumption.;naive;;CB
R_bdCFI7kl4eYZsel;fuel;numeric;decrease one-to-one;As far as I can see, if I reduce my fuel use by 200 gallons, then that is the impact on global fuel consumption. I cannot envision a scenario where the fuel use would drop by more than 200, for example through some sort of externality or spillover effect.;naive;;CB
R_2CjQyAVyGPwflUv;fuel;production;decrease one-to-one;If I consume less fuel then thats less fuel needed to be produced;naive;;CB
R_3jVAaBEVWSeYpNF;fuel;numeric;decrease one-to-one;If it is calculated solely by how many gallons are used total by every person, then by me using 200 gallons less, the total consumption would go down by the same.;naive;;CB
R_3hbWUUknM9t1kQ6;fuel;beliefs_incentives;decrease one-to-one;I felt that because although someone can get more than the amount of fuel they get on average, that is still 200 gallons not used by one person that is saved.;naive;;CB
R_3O7bMztvxG33Jxv;fuel;numeric;decrease by less;I would assume that there would continue to be new drivers, so the exact amount would end up being less then the total amount of my  reduction in use.;other;;CB
R_CgM2wPSrEMzc3FT;fuel;production;decrease by less;The mathematics seem to add up as so.;other;;CB
R_AByglhQl9e8fm0x;fuel;beliefs_incentives;decrease by less;While reducing my yearly consumption would certainly prevent another 200 gallons from being added to the global consumption, I don't think it would reduce the total global consumption by 200 gallons. As there will always be someone else adding to the consumption each year. E.g. new drivers, someone who was working remotely that now goes into the office, or someone deciding to vacation by driving across the country that year, etc.;dampening;;CB
R_3dWXt7DEM0WztpS;fuel;numeric;decrease by less;I chose 50 because I think that global fuel consumption would be reduced somewhat, but not by the full 200.  Most of the places I use fuel to get to are not within a close distance where I can walk or bike or use some other non-fuel form of transportation.  I'm also not near any mass-transit options that would already be running regardless of my own use of the transit option.  Therefore, to get to most places where I need to go, I would require someone else to use additional fuel, such as a friend or roommate or uber driver.  Or I would have to have things delivered instead of retrieving them myself.  This would offset my personal fuel reduction by increasing other people's consumption in many cases.;other;;CB
R_3lxiUGhBjGYPsyF;fuel;production;no effect;I don't think that just one person can change the global production of fuel;tiny;;CB
R_10OxhhqTfmml98S;fuel;production;no effect;I don't think that any one individual's actions can singlehandedly affect yearly oil production.;tiny;;CB
R_1pKIYqfGpJVuCHe;fuel;beliefs_incentives;decrease by more;if you use less fuel it will decrease the total consumption of fuel in the total usage;other;;CB
R_2urEvVXDreFx9TJ;fuel;production;no effect;It is such a miniscule amount that it will not have any affect on the global production of fuel because it will just used somewhere else if I dont use it.;tiny;;CB
R_1KVOxADz6QLwUOl;fuel;production;no effect;I choose this response i know very well it will not affect the yearly global fuel production because only myself cannot make that for some other people out there might increase theirs instead of decreasing it;tiny;;CB
R_3r2EYMyHUSVwtLO;fuel;beliefs_incentives;decrease one-to-one;By reducing my fuel consumption, I want to think that global consumption will decrease. I understand that there are many, many people in the world, and they are operating independently. But I can't control them, I can only control myself.;naive;;CB
R_1zyY9EdOcXbzC2R;fuel;production;decrease by less;would reduce gasoline consumption;other;;CB
R_3LehOWeND26LEtl;fuel;production;no effect;200 gallons in a drop in the bucket or a grain of sand on an immense beach and is too insignificant to affect this metric;tiny;;CB
R_bKoGqNzROmsgo6J;fuel;production;decrease by less;depending on how i reduce, i may lead to increase fuel uses elsewhere, but not enough that it offsets my decrease;dampening;;CB
R_3RkXpXQMxDLgzW1;fuel;numeric;decrease one-to-one;I would permanently cut my fuel consumption in half;naive;;CB
R_AMu3XV1qZpEMQvf;fuel;numeric;decrease one-to-one;I would assume, if I used 200 gallons less of fuel, then the yearly global consumption of fuel would fall that much because someone is using 200 gallons less of fuel, if they count that as part of the global consumption of fuel.;naive;;CB
R_3Jr58EuLpcSy1eC;fuel;beliefs_incentives;no effect;"Fuel is ordered on a much larger approximate basis. The global footprint would be the same. Also; fuel is wasted on much other things such as outdated or ineffective machinery.";tiny;;CB
R_2zZ2eBrNQYAE3tS;fuel;production;no effect;Fuel production has many variables. If I reduce my consumption, it would only be meaningful if many others did the same. If I decrease while another person increases, there is no effect on total consumption.It would take a sustained overall decrease to make a significant difference.;tiny;;CB
R_1EiHWVNbR8XNDNf;fuel;beliefs_incentives;decrease one-to-one;It would decrease the amount because that would be 200 gallons less that was used.;naive;;CB
R_3iQIMvMWZkfAh00;fuel;beliefs_incentives;actually increase;"below are the responses;
a,. Supply and Demand:

If people use less fuel individually, it might slightly reduce the overall global demand for fuel. The impact depends on how many people are cutting back compared to the total global consumption.
b,. Market Dynamics:

Consider how changes in individual fuel use can affect the market. If people use less, it could lower prices, possibly encouraging others to use more and balancing out the reduction.

c,.
External Factors:

think about outside influences like global rules, new technology, or different energy sources. These factors can significantly alter the worldwide fuel consumption pattern.";junk;;CB
R_3P4FdYH8C3JcFU8;fuel;numeric;decrease one-to-one;I do not think reducing my fuel usage would have any impact on how others act - they will continue to use the fuel they need as they go about their daily lives. I am also not a talkative person, so it's not like I would be going around and preaching conservation or anything.;naive;;CB
R_1Ldj9n4RMZsxqy4;fuel;numeric;no effect;I think overall, if we (general population) offset consumption of fuel, it would be offset by another entity (government, businesses) instead, as fuel consumption is a global target.;dampening;;CB
R_1H5YhiK0leeqUzb;fuel;production;no effect;My singular personal usage of fuel is insignificant compared to much larger amounts used my large corporations and governments , not to mention that their consumption varies up or down by much more than 200 gallons each year. In essence, my usage is a drop in the ocean.;tiny;;CB
R_2qvHH9y2gHJ0xP2;fuel;numeric;decrease one-to-one;It seems like it would cause a 200 gallon reduction, based on what I know about this situation.;naive;;CB
R_vuDByDBMtUSPtVT;fuel;production;decrease by less;I may be wrong, but I feel like they don't care too much about usage, and would produce more under the idea that it will gain a bigger profit.;tiny;;CB
R_3p0eeH0fbKtbRGT;fuel;beliefs_incentives;no effect;If I save 200 gallons then I'll at least save that amount of money too. Yet just because I participate it would take a whole lot more people to do the same to make a dent.;tiny;;CB
R_30q3poxW1yhX23c;fuel;beliefs_incentives;decrease one-to-one;"My personal fuel consumption is reduced by 200 gallons would mean the answer I gave, ""It would decrease the yearly global consumption by 200 gallons"". Every small amount of reduction can help out worldwide.";naive;;CB
R_3M4jBoP8pQhYL7r;fuel;production;decrease by less;I do not think my own personal consumption would affect global production much.;tiny;;CB
R_2rYKJXTq8AfNyB3;fuel;beliefs_incentives;decrease by more;Because then fuel companies would have to transport less gas? I'm honestly just guessing.;spillover;;CB
R_3pg5dsz8sDF6rQD;fuel;production;decrease by less;I think it would have a very small affect on the global production of fuel. I don't really think it would make a huge difference to the production of fuel, unless a lot of people decreased their yearly consumption of it together all at once.;tiny;;CB
R_3kM51zfU6fGRq2e;fuel;numeric;decrease one-to-one;"I chose the answer ""200"" because it made since based on the reasoning: If I was originally using 400 gallons, and I reduced that by 200, the total world consumption of fuel shall fall by 200 gallons. 400 - 200 = 200. However, I am still unsure about the reality of this, for instance, what if I cut my fuel consumption in half and another person came along and started using 200 more gallons of fuel than they did before. I'm really unsure because it seems complicated overall.";naive, discussion;;CB
R_1CqmnPNvA2r1DNw;fuel;numeric;decrease by more;I chose a number more than just the amount that I lowered my yearly fuel consumption because if I cut my consumption by half and am driving less then that has impacts on other people. If I am driving less, there is one less car on the road and possibly less traffic in general if others also drive less. This means it takes less time to get places and less fuel is consumed. Also, if I stop using as much fuel, then other people may also follow what I'm doing and ultimately lower the yearly total global consumption of fuel. However, I wasn't sure how to guess how much more that would be so I just went with 500 gallons.;spillover;;CB
R_2VLc0y0P2n5cGZs;fuel;beliefs_incentives;decrease one-to-one;If I reduced my own fuel consumption by 200 gallons each year, we can expect that the total global consumption of fuel would decrease by 200 gallons per year. This assumes that no one else increases their consumption of fuel during the year.;naive;;CB
R_2uBQiapo1NJNxRH;fuel;numeric;no effect;I don‚Äôt think just me reducing my fuel consumption would put even a dent in total global consumption. Someone else will use that 200 gallons and then some.;dampening;;CB
R_ysBpipmrv57oNH3;fuel;production;decrease by less;During the refining process not all of the oil becomes fuel. So if I cut back on 200 gallons it will decrease the need for those 200 gallons of production but the amount of oil being used will more or less be the same.;naive;;CB
R_3e487CJLmd798my;fuel;production;no effect;Fuel production company will reduce the production if there is less demand. But by reducing fuel consumption by me only is not enough to reduce the production. If a mass people will follow me, it will impact on the production.,;tiny;;CB
R_Qp4vqn3PaDx0dBD;fuel;beliefs_incentives;decrease one-to-one;If nobody else is involved in decreasing their consumption of fuel, then it would be assumed that my 200 gallons would be removed from the overall amount of fuel consumed.;naive;;CB
R_2EmzJXX8kVMdDdu;fuel;numeric;decrease one-to-one;This would only be if no other considerations are considered, using my total, local number.;naive;;CB
R_2EtpZ1FEnfv92qh;fuel;beliefs_incentives;decrease by more;I chose that it would decrease the yearly global consumption by more than 200 gallons. My reasoning is that there is the 200 gallons of fuel I'm not using but there is also the fuel cost to transport that 200 gallons of fuel to me.;spillover;;CB
R_OePULaEnkdUfkdz;fuel;beliefs_incentives;decrease by more;I'm guessing that the energy used to extract and process the fuel would put the savings at more than 200 gallons.;spillover;;CB
R_ulVo6U2QgyroBtT;fuel;numeric;decrease one-to-one;I chose this response because I have no idea if anyone else is also cutting back. There is also the possibility that someone used more therefore 0 gallons would also make sense, but I chose to just pick what I specifically know I contributed for sure.;naive, discussion;;CB
R_2qqnYA1kCKrRnYf;fuel;numeric;decrease one-to-one;The effects of my own consumption do not necessarily lead to the lowering of consumption for others. In fact, I am not super confident it would be exactly 200, as that may be put off by increased use of transit or ridesharing (however, ill take the prompt as given);naive, discussion;;CB
R_2taEhkgykY9kkS8;fuel;numeric;decrease one-to-one;My reduction of fuel consumption does not guarantee that others' fuel consumption would also decrease;naive;;CB
R_Z9npzlCouqS00wx;fuel;production;no effect;If I reduce my consumption by 200 gallons, I don't believe that would change how much fuel is produced. There is going to be a set target to product and my 200 gallons won't effect the target either way.;tiny;;CB
R_PUwUnSPpfaX2mY1;fuel;production;no effect;I am a grain of sand in the ocean that this oil market is.;tiny;;CB
R_2wtOdqMpgBVnMtB;fuel;production;decrease by less;Say that even if I used less fuel by cutting my own consumption in half, it doesn't change anything for the rest of the world. If anything, people could still use more. Transportation of goods and people is still going to be necessary, if not unavoidable. My own use of fuel and cutting it down will barely make a dent in the yearly forecast.;tiny;;CB
R_tYQ7OItds1i7hRv;fuel;numeric;decrease one-to-one;Because regardless of how much fuel everyone else uses, by reducing my own by 200, it would also reduce the global consumption by the same 200, if all other factors remained the same;naive;;CB
R_xGIeTwSfo57IwNP;fuel;beliefs_incentives;decrease by less;It will decrease because if I reduce it the consumption will be cut down.;other;;CB
R_1PedehImiCSmS4F;fuel;numeric;decrease one-to-one;Because my personal reduction of the fuel won't directly affect the total yearly global consumption of fuel.;other;;CB
R_2VQNCDo45jZl4xx;fuel;production;no effect;I'm actually not sure. In theory, if I use less, then demand decreases, which leads a reduction in production. However, on the other side, if demand drops, the price drops, which increases demand. Also, that's only on a large scale. One individual changing consumption doesn't impact anything at all other than the individual's personal finances.;tiny;;CB
R_reRtnGLnZQ8rz4l;fuel;beliefs_incentives;decrease one-to-one;i had 400 gallons and with the decrease that was what i was left with;naive;;CB
R_2Y5QApAbl58fjk4;fuel;numeric;decrease one-to-one;Is this a trick question? You say it would drop from 400 to 200, so that is a redution of 200 gallons.;naive;;CB
R_12gMVGRPREWMgi6;fuel;beliefs_incentives;decrease one-to-one;I would not be using the 200 gallons.;naive;;CB
R_YYL3NIGP86O3mut;fuel;beliefs_incentives;no effect;I am not in concert with global consumption.  It affects my fuel usage only.  The world is independent from my consumption;other;;CB
R_3nuaPqEbfn5r5Ja;fuel;production;decrease one-to-one;If you are cutting your fuel down by 200 gallons a year than it makes sense that yearly global production of fuel would go down 200 gallons.;naive;;CB
R_4PzHacL3mrlXEs1;fuel;numeric;no effect;My reduction of 200 gallons would not change anything, as there are constantly new drivers and other fuel systems being added annually.;other;;CB
R_3PGYARrXQgu2pKt;fuel;production;decrease one-to-one;if I use 200 less gallons the world uses 200 less gallons overall;naive;;CB
R_1MT06bUBEbslhTD;fuel;numeric;decrease one-to-one;It would fall if everyone reduced their gas usage.;other;;CB
R_2uZHWGqOQNVTDUW;fuel;beliefs_incentives;decrease one-to-one;if im saving 200 per year then the global number should be the same.;other;;CB
R_1fa7p9pBR20Do8Q;fuel;beliefs_incentives;decrease by more;"Let's say the decrease is felt throughout the fuel ""pipeline"" if you will. Less fuel may be produced to meet demand (and production of fuel consumes fuel), less fuel is then transported (and transporting the fuel consumes fuel), etc.";spillover;;CB
R_2qDxn8YnTAlEkce;fuel;beliefs_incentives;no effect;As long as the rest of of my behavior stayed the same, it would make no difference.  I might be driving less, but by staying home I would be ordering more things online instead of driving to get them, so it would add additional driving for delivery drivers as an example.;other;;CB
R_1is4kYyYUA9FV6n;fuel;numeric;decrease one-to-one;I believe that my sole reduction will not have any further reduction world wide.;other;;CB
R_ukWyoSVqPpTOBa1;fuel;production;no effect;My personal consumption is multiple orders of magnitude less than the production rate. To put it a different way, it would take me more than a million years of taking this survey over and over to make the same amount of money as the richest person makes in 1 hour. It just is statistically insignificant.;tiny;;CB
R_25MCjE0dk3OrSPp;fuel;numeric;decrease by more;im sure there is a lot of water involved in cleaning the waste water;other;;CB
R_3ikF8mdWDQ0b2qk;fuel;numeric;decrease one-to-one;If I reduce my yearly fuel consumption by 200 gallons, I expect the global consumption to be reduced by this amount accordingly.;naive;;CB
R_2YQY0ANhdNgo7HQ;fuel;numeric;decrease one-to-one;My contribution is small, but it will reduce the yearly total by 200 gallons since I reduced my consumption by 200 gallons.;naive;;CB
R_3fjhDNt5KmyDjmk;fuel;production;no effect;One person's consumption doesn't change global production.;tiny;;CB
R_3QGGnDniyyNFrK2;fuel;numeric;decrease one-to-one;I am dropping by 200 gallons, so the total should as well.;naive;;CB
R_1rBm6vW5WBBianI;fuel;beliefs_incentives;decrease one-to-one;it would go down by 200 i'd imagine, if that is the set rules to the question.. considering i know it would be logical i would displace with another way of getting around, etc. so i will stick with that answer. carpooling, walking, etc. does not increase or decrease. if i use 200 less than it is 200 less.;naive;;CB
R_3DnEaW4k5fVU0kD;fuel;beliefs_incentives;no effect;I just don't really imagine that the 200 gallons of fuel would remain unconsumed. If I'm not consuming it, then someone else still will. If this were cumulative and an enormous amount of people were doing it, then maybe it would move the needle, but I can't see one person making that kind of difference unless it's paired with communal action.;dampening;;CB
R_3RlJZnhCkYWTQBP;fuel;numeric;decrease one-to-one;I'm not sure if this is a trick question but if you reduce your yearly fuel consumption by 200, then that is what it is;naive;;CB
R_8qzXDgqeqCdkQEh;fuel;production;decrease one-to-one;Just one person reducing their consumption won't do much of anything, however, many people following that will make a differene!;other;;CB
R_tPtibeCtkWofcNH;fuel;beliefs_incentives;decrease one-to-one;regardless of others' actions, my decreasing my pollution output would lead to that exact amount being reduced from the global pollution levels. even if the level ends up being the same as next year, this would be lower than it would have been had I not decreased my pollution output.;naive;;CB
R_Oey5JpBjsrXagQF;fuel;beliefs_incentives;actually increase;If I decrease my amount then perhaps the price of gas would become lower, causing more people to consume more gas.;dampening;;CB
R_31NMgtKeo43sOj5;fuel;beliefs_incentives;no effect;I don't think it would affect the global consumption as there are other factors. Just one person reducing the yearly consumption by 200 gallons will result in another person picking it up.;dampening;;CB
R_3MKA2OZbAU1ymP5;fuel;numeric;decrease one-to-one; If I am to be considered in the use of fuel globally, then reason dictates, my reduction in fuel affects the global reduction of the use of fuel.;naive;;CB
R_3iE9Jj3MVomb3mb;fuel;beliefs_incentives;decrease by more;I think by decreasing my yearly global consumption of fuel by 200 gallons it would actually be decreasing the total yearly consumption of fuel for more than 200 gallons because the fuel it would take to deliver that fuel would decrease.;spillover;;CB
R_12up5tbxbE6Hkkq;fuel;numeric;decrease one-to-one;I can only speak for myself. I don't know if others would increase driving or reduce driving. It's impossible to say if one person's reduction in fuel consumption would increase/decrease the global fuel consumption. It's a droplet of water in an ocean.;other;;CB
R_1opSHyUfPMgTf6F;fuel;production;no effect;The world produces many millions of barrels of oil every day. Unfortunately, I don't think using less fuel (in my case, 200 less gallons) would make even a drop of an ocean's difference in global fuel production. The demand is simply too high and the world depends on oil to run all of its machinery, transportation, heating and manufacturing. If everybody reduced their usage I could see it having an impact, but for just 1 person to reduce by 200 gallons, I don't think it would.;tiny;;CB
R_2rT8DSCSXFxXs4F;fuel;numeric;decrease one-to-one;It just makes the most sense to me. I doubt im influential enough to start any sort of global chain reaction.;naive;;CB
R_1obTIzc3h6Z65Ad;fuel;numeric;decrease one-to-one;I think that due to the presence of hybrid, plug-in hybrid, and electric cars, global yearly fuel consumption would reduce by 200 gallons per person.;other;;CB
R_115CU9drPrBmgiI;fuel;beliefs_incentives;decrease one-to-one;This seems like a trick question, but if fuel consumption drops by 200 gallons that would drop the global fuel consumption by 200 gallons as well, absent other factors.;naive;;CB
R_ezaA0xXZSp3aKFr;fuel;production;no effect;This reduction in fuel consumption would only have a noticeable impact if it were done on a collective scale. The prompt implies a change to only my individual behavior.;tiny;;CB
R_p3MgA4Ay4qrtqiR;fuel;beliefs_incentives;decrease one-to-one;If I would decrease my consumption of fuel by 200 gallons that should reduce the global consumption by 220 gallons.;naive;;CB
R_3frdCKdwwjFlSpA;fuel;production;no effect;one person makes no effect on global scales.;tiny;;CB
R_pGfLW2EzSfLZYPf;fuel;production;decrease by less;While I may not buy the same amount of fuel, someone else may buy some of the fuel that I would have normally used.  However, due to my choice to permanently use less fuel, it should eventually have an impact on production.;dampening;;CB
R_25HemRaP2FvPgqo;fuel;beliefs_incentives;decrease by more;I thought that it made the most sense;other;;CB
R_2dg0PCs8PqunyIt;fuel;beliefs_incentives;decrease by more;If I continued to decrease my fuel count i bet other people would as well;spillover;;CB
R_2f8yScVsmOJexka;fuel;production;no effect;I don't think at my actions alone affect the global production/market, but my actions combined with others' actions would. So, I would have to think about it in terms of me and others and not just my actions. This question is asking about my actions alone, so I don't think it would make a difference.;tiny;;CB
R_2w7FJnveS9cd1QB;fuel;numeric;no effect;There are many people being born every year and me reducing my consumption will probably be offset by some new people growing up, buying cars, and starting to drive around themselves.;other;;CB
R_2YRQNMgMM1KWgkD;fuel;numeric;decrease one-to-one;I would expect the yearly total global consumption to reduce by more but unfortunately can't be sure. What I can be sure of is it was reduced by the 200 gallons I didn't use.;naive;;CB
R_3EGeY0Vp7XfLsqI;fuel;numeric;decrease one-to-one;Well, I'm assuming that not just I who is reducing my fuel consumption in half.  I am assuming that every other person on the planet is doing the same.  So the total gallons reduced would be 200 gallons times 8 billion people on the planet.  But to answer your query and keep it simple, yes, 400 gallons minus 200 gallons of fuel equals 200 gallons of fuel and that is why i chose it.;naive;;CB
R_x0hd8ayxwuXR173;fuel;beliefs_incentives;decrease one-to-one;My fuel consumption contributes to the yearly global fuel consumption. If I am reducing my fuel consumption by 200 gallons, then that would mean there would be 200 less gallons consumed globally as well.;naive;;CB
R_1eLhoS9ppLucdf1;fuel;production;decrease one-to-one;I believe that is what will happen;other;;CB
R_3LiEDU0LW7Ydub0;fuel;numeric;decrease one-to-one;IF I CUT MY CONSUMPTION BY 200 GALLONS A YEAR, THEN THAT'S 200 GALLONS NOT BEING USED;naive;;CB
R_1lubRTscHladxnA;fuel;production;no effect;"Just because I alone would reduce my consumption is not gonna equal to production being reduced - fuel will still be produced unless EVERYONE reduces their consumption by half, then economy will have to ""catch up"" and probably not even year later but more later on it would start producing less fuel only if that reduction by that much would be consistent in coming years.";tiny;;CB
R_27Ne5WMNq70npPh;fuel;beliefs_incentives;decrease by more;because i would use 200 less and the less i use the less i also consume so is trickles down;other;;CB
R_1E04mugX4TDfE2w;fuel;production;no effect;because it's been shown time and time again that large corporations are the big consumers and individual consumers make little impact. same goes for pollution. we as individuals can do our daily part, but in the end, if the large corporations don't cut back, the difference would be extremely minor.;tiny;;CB
R_cA5ZGxeJCwSkjip;fuel;numeric;decrease by less;I believe the yearly global fuel consumption would fall by less than 200 because the fuel that I didn't use would like be used by another person or in another field. They used fuel would then be quickly replaced as well.;dampening;;CB
R_3enq2dy0CEF7xQX;fuel;beliefs_incentives;decrease one-to-one;I believe that globally it would reduce fuel use by 200 gallons since I am stopping using those 200 gallons but this in turn would not have a highly significant impact on global fuel consumption nor a significant impact on environmental conservation.;naive;;CB
R_25EAUkM0koKdh6w;fuel;numeric;decrease one-to-one;I don't see what other answer there could be. If I reduce my fuel consumption by 200 gallons, and nobody else does anything different, then global fuel consumption is also reduced by 200 gallons. I don't have any effect on what anyone else does and my reduced fuel consumption is not going to change anything for anyone else.;naive;;CB
R_3MzYtk4XxiBKiEO;fuel;numeric;decrease one-to-one;If I am using less then in the end less will be used in all. I believe if everyone does the same fuel would be cut in half.;naive;;CB
R_2s7lA7HxEDdN0sR;fuel;production;no effect;I feel like at first, it would not affect the production of it, since its only one person reducing the amount of fuel they use. Eventually though, if more people join in, the amount of surely decrease.;tiny;;CB
R_1LMcEoVGsoiyRwn;fuel;beliefs_incentives;no effect;One person I feel does not make a difference all too much, while it is good we need more people doing this to make a difference;tiny;;CB
R_1ly3UoOltWLPtoI;fuel;beliefs_incentives;decrease one-to-one;This scenario states in year 1 the fuel consumption was 400 gallons and 200 gallons in year 2.  I simply did the math to answer.;naive;;CB
R_stxQNrNobfhQvrH;fuel;numeric;decrease one-to-one;I chose this response because that is exactly the amount of gallons I decided to reduce, therefore it should be that same amount in the total global consumption. Now I'm not saying that it would make a big dent in the global amount because it would not but I do think that it would help a tiny bit. Overall it would make a big difference to me because I would need to plan my outings and try to not pass the amount of gallons that would be used, therefore requiring work from my part even though globally it would not mean much.;naive;;CB
R_3O30W8Ttbq8mS2Q;fuel;beliefs_incentives;decrease by more;My decision to reduce fuel consumption by 200 gallons may, in turn, inspire others to do the same. For example, if I'm driving less, that means I'm also using other modes of transportation, such as biking. If my neighbors suddenly see me biking to the local bank, they may decide to bike to the bank as well. So, then we are all collectively reducing the consumption of fuel.;spillover;;CB
R_bln8RvZJreSgKPf;fuel;beliefs_incentives;decrease one-to-one;I think it is basic math.  If I reduce my consumption of fuel by 200 gallons, the yearly global consumption would also decrease by 200 gallons;naive;;CB
R_USWnfJYNzbcJ5C1;fuel;production;no effect;I feel like the companies producing the fuel would continue to produce the fuel in the same manner that they are doing it. Most fuel companies care about their profit margins and would continue to produce it at the same rate. The issue with this is that the crude oil that fuel comes from does not produce itself any faster and takes either thousands or millions of years to form (I'd have to fact-check the exact answer to this). My reduced fuel consumption would help to maintain the supply of fuel that we have.;tiny;;CB
R_6ujOe7I2OYIN597;fuel;beliefs_incentives;decrease by less;"I don't think one person's fuel decreasing by 200 gallons would have a large impact on the rate of global consumption, but I'm not sure if it would have no impact at all. I was deciding between the respons I chose and the ""not affect"" response.";tiny;;CB
R_1JXYzzOLPTMqsBV;fuel;production;no effect;If I decrease my fuel usage by 200 gallons it's still not significant enough to affect overall global production.;tiny;;CB
R_xsEp9FLgI0BYu2t;fuel;production;decrease one-to-one;Because this is the amount of reduced gallons used;naive;;CB
R_2fqE6ruhNCyePDf;fuel;production;decrease one-to-one;I ultimately went with it would decrease the yearly global production of fuel by 200 gallons because if my consumption contributes to the the global production of fuel, then over time wouldn't the production be less? I'm not very confident that is correct though.;naive;;CB
R_2frnDGfU8cddHgu;fuel;numeric;decrease one-to-one;If I reduce my yearly fuel to consume 200 gallons, that would reduce the global consumption of fuel by 200 gallons. Are we counting all of the people in the world reducing their consumption or just me? Then it's just 200 gallons saved from the total.;naive;;CB
R_2fH6oVNB6OpUZ9G;fuel;beliefs_incentives;decrease one-to-one;The global consumption of fuel would decrease by 200 gallons because my fuel consumption went down 200 gallons. Every gallon I reduce will reduce the global consumption of fuel by one gallon.;naive;;CB
R_3QSQBSGHA10N1bc;fuel;numeric;decrease one-to-one;I am assuming that only I am changing my consumption.  Not everyone may be making the same changes I am and I cannot assume they are.;naive;;CB
R_2y2RGUS93smSBNb;fuel;numeric;decrease by less;Because I wouldn't know if others reduced their yearly fuel consumption also so i could only assume that I made a small impact;other;;CB
R_2algbrGjl3TugGl;fuel;beliefs_incentives;decrease one-to-one;it seems logical but in actuality I imagine 200 gallons is such a drop in the bucket that it would not even qualify as noise in the numbers;naive;;CB
R_1erzyRAkjchfR4U;fuel;numeric;decrease one-to-one;I cannot account for what other people will do, but if everything else stays the same, if I reduced my fuel consumption by 200 gallons it would reduce the total fuel consumption by 200 gallons.;naive;;CB
R_1C9i7ThawbQJaZs;fuel;numeric;decrease by less;I don't think it would fall by 200 gallons in total, because the yearly is so big and there are so many different sources of fuel therefore reducing my yearly would make an impact but only a small one.;tiny;;CB
R_1DNkAimloQQAOmZ;fuel;beliefs_incentives;decrease one-to-one;I chose this response because based on the facts I am presented with and my limited knowledge of the workings of the fuel industry I am just going to take it at face value. A personal reduction will lead to the same overall global reduction. I suspect it's probably more complicated than that, but without background knowledge I feel this is the best answer.;naive;;CB
R_1poqHFaefsFzLM2;fuel;beliefs_incentives;no effect;I don't think it would really affect the global consumption because my individual usage of fuel is such a tiny percent of the global consumption. I think the main people who could actually make a difference to the global consumption would be corporations who use the majority.;tiny;;CB
R_cvwKmZ3Fj6DRS1z;fuel;numeric;decrease one-to-one;if I am consuming 200 gallons of the world consumption and I stop using 200 gallons I am assuming the global consumption would go down 200 gallons.;naive;;CB
R_D5XdLVt3O8uEafn;fuel;production;decrease one-to-one;I think decreasing my fuel consumption will actually help the global consumption by 200 gallons. my contribution will affect the global count because that is 200 gallons less than what I was using before. this should have a lasting effect on the global fuel economy because 200 gallons is a big difference.;naive;;CB
R_1ze22Vnl9mbZPot;fuel;numeric;decrease one-to-one;Since I consumed 200 gallons less than I usually do, that is 200 gallons of fuel that has not been used. I can say that this 200 gallons did reduce the yearly total, even if other people used more gallons. If I had used the 400 gallons, this would increase the yearly total consumption, even if other people reduced their own fuel usage. I chose 200 gallons reduced because I like to think that I am making a difference, even if it is a small one.;naive;;CB
R_di3wE6FvakHOSgF;fuel;beliefs_incentives;no effect;My use of fuel is a very small part of the bigger picture. While I may be reducing my use of fuel, others may be greatly increasing their use of fuel and others could be decreasing or increasing their use just a little bit.;dampening;;CB
R_YS9LeQF7WqFsB69;fuel;beliefs_incentives;no effect;While my goal may be to help the environment I actually believe since the world is so fuel hungry that the decrease in my consumption would just be sold as more fuel to others.;other;;CB
R_333hrwwikOkeS8x;fuel;beliefs_incentives;no effect;It is my belief that in light of the global consumption my decrease of 200 gallons would be very small. My reduction would be such a minute amount that is would have no impact on the yearly global consumption.;tiny;;CB
R_2WxlbzebWse9gO5;fuel;beliefs_incentives;decrease by less;The impact on the total consumption is minor, considering overall fuel and gas consumption. The reduction of one person's efforts is likely to not matter in the grand scheme of things because there is a lot of demand for fuel, all over the world. If global consumption were to change a lot, this would require for us to promote novel ideas and concepts, when it comes to things like renewable energy and fuel efficiency. We would have to make a lot of global shifts and changes, when it comes to energy, in my opinion.;tiny;;CB
R_vCVohg5h13KWN1f;fuel;beliefs_incentives;decrease one-to-one;If I decrease my fuel consumption, then yes that gets factored into 200 less gallons of fuel consumption globally.;naive;;CB
R_3pm8P3QAU9vg1My;fuel;production;no effect;My guess is 200 gallons of fuel is an extremely minute amount and insignificant compared to the total amount of gallons consumed globally. Therefore, I believe that a such a extremely small decrease of fuel in regards to total global consumption would not change the demand for it. As the demand for fuel would not change, the production of it should also not be affected.;tiny;;CB