﻿variable;category;tab_demo;label;freq
gender_female;Gender;1;Female;0,5
gender_other;Gender;0;;0,5
age_below35;Age;1;18-34;0,29
age_35_54;Age;1;35-54;0,32
age_55plus;Age;1;55+;0,38
income_below50;Income;1;Below 50k;0,34
income_50_100;Income;1;50k-100k;0,29
income_100plus;Income;1;Above 100k;0,37
education_college;Education;1;Bachelor's degree or more;0,33
education_nocollege;Education;0;;0,67
region_northeast;Region;1;Northeast;0,17
region_midwest;Region;1;Midwest;0,21
region_south;Region;1;South;0,39
region_west;Region;1;West;0,24
racewhite_yes;Race;1;White ;0,73
racewhite_no;Race;0;;0,27
raceblack_yes;Race;1;Black or African American;0,13
raceblack_no;Race;0;;0,87
racehispanic_yes;Race;1;Hispanic/Latino ;0,17
racehispanic_no;Race;0;;0,83
raceasian_yes;Race;1;Asian ;0,07
raceasian_no;Race;0;;0,93
politics_democrat;Political affiliation;1;Democrat;0,31
politics_republican;Political affiliation;1;Republican;0,29
politics_independent;Political affiliation;1;Independent;0,39