{
	"GENERAL PATHS": "",
	"root": "",
	"out": "out/",
	"data_out": "out/data_out/",
	"figures": "out/figures/",
	"tables": "out/tables/",
	"table_viewer": "out/tables/table_viewer/",
	"install_folders": "code/misc/install_folders.R",
	"function_reg": "code/misc/function_reg.R",
	"function_latex": "code/misc/function_latex.R",
	"table_viewer_temp": "code/misc/table_viewer_temp.tex",
	
	"SPECIFICATIONS": "",
	"groundhog_day": "code/specs/groundhog_day.json",
	"states_encoding": "code/specs/states_encoding.csv",
	
	"INPUT DATA": "",
	"consumers_raw": "data/consumers_raw.sav",
	"robustness_beliefs_raw": "data/robustness_beliefs.sav",
	"demographics_benchmark": "data/demographics_benchmark.csv",
	"coded_data": "data/coded_data/",
	
	"OUTPUT DATA": "",
	"wide": "out/data_out/wide.rds",
	"robustness_beliefs": "out/data_out/robustness_beliefs.rds",
	"coded": "out/data_out/coded.rds",
	"coded_conseq": "out/data_out/coded_conseq.rds",
	"codes_preconflict": "out/data_out/codes_preconflict.rds",
	"codes_conseq_preconflict": "out/data_out/codes_conseq_preconflict.rds",
	"attrition": "out/data_out/attrition.rds",
	
	"SCRIPTS": "",
	"clean_text_beliefs": "code/cleaning/clean_text_beliefs.R",
	"clean_text_conseq": "code/cleaning/clean_text_conseq.R",
	"clean_survey": "code/cleaning/clean_survey.R",
	"clean_robustness_beliefs": "code/cleaning/clean_robustness_beliefs.R",
	"merge": "code/cleaning/merge.R",
	"export_dta": "code/cleaning/export_dta.R",
	
	"tab_demographics": "code/tables/tab_demographics.R",
	"tab_demographics_robustness": "code/tables/tab_demographics_robustness.R",
	"reg_attrition": "code/tables/reg_attrition.R",
	
	"fig_beliefs": "code/figures/fig_beliefs.R",
	"fig_beliefs_robust": "code/figures/fig_beliefs_robust.R",
	"reg_beliefs_hetero": "code/tables/reg_beliefs_hetero.R",
	"fig_explanations": "code/figures/fig_explanations.R",
	"fig_explanations_robust": "code/figures/fig_explanations_robust.R",
	
	"fig_robustness_studies": "code/figures/fig_robustness_studies.R",
	
	"fig_conseq": "code/figures/fig_conseq.R",
	"fig_conseq_robust": "code/figures/fig_conseq_robust.R",
	"fig_explanations_conseq": "code/figures/fig_explanations_conseq.R",
	"fig_explanations_conseq_robust": "code/figures/fig_explanations_conseq_robust.R",
	"reg_conseq_hetero": "code/tables/reg_conseq_hetero.R"
	
}