name;code;region
Connecticut;7;northeast
Maine;20;northeast
Massachusetts;22;northeast
New Hampshire;30;northeast
Rhode Island;41;northeast
Vermont;47;northeast
New Jersey;31;northeast
New York;33;northeast
Pennsylvania;39;northeast
Indiana;15;midwest
Illinois;14;midwest
Michigan;23;midwest
Ohio;36;midwest
Wisconsin;51;midwest
Iowa;16;midwest
Kansas;17;midwest
Minnesota;24;midwest
Missouri;26;midwest
Nebraska;28;midwest
North Dakota;35;midwest
South Dakota;43;midwest
Delaware;8;south
District of Columbia;9;south
Florida;10;south
Georgia;11;south
Maryland;21;south
North Carolina;34;south
South Carolina;42;south
Virginia;48;south
West Virginia;50;south
Alabama;1;south
Kentucky;18;south
Mississippi;25;south
Tennessee;44;south
Arkansas;4;south
Louisiana;19;south
Oklahoma;37;south
Texas;45;south
Arizona;3;west
Colorado;6;west
Idaho;13;west
New Mexico;32;west
Montana;27;west
Utah;46;west
Nevada;29;west
Wyoming;52;west
Alaska;2;west
California;5;west
Hawaii;12;west
Oregon;38;west
Washington;49;west
Puerto Rico;40;NA
Outside US;53;NA